MAC,ssid,lat,lon
00:00:EB:3F:83:67,wifine,,
00:00:EB:48:03:C7,wifine,,
00:00:EB:48:03:E7,wifine,,
00:00:EB:48:43:67,wifine,,
00:00:EB:48:83:87,wifine,,
00:00:EB:48:83:A7,wifine,,
00:00:EB:48:C3:27,wifine,,
00:00:EB:48:C3:87,wifine,,
00:00:EB:55:83:67,wifine,,
00:00:EB:55:C3:47,wifine,,
00:00:EB:55:C3:C7,wifine,,
00:00:EB:55:C3:E7,wifine,,
00:00:EB:56:03:27,wifine,,
00:00:EB:56:03:67,wifine,,
00:00:EB:56:03:E7,wifine,,
00:00:EB:56:43:67,wifine,,
00:00:EB:56:83:27,wifine,,
00:00:EB:56:83:E7,wifine,,
00:00:EB:56:C3:47,wifine,,
00:00:EB:57:03:27,wifine,,
00:00:EB:57:03:47,wifine,,
00:00:EB:57:03:E7,wifine,,
00:00:EB:57:43:47,wifine,,
00:00:EB:57:43:E7,wifine,,
00:00:EB:57:83:27,wifine,,
00:00:EB:57:83:C7,wifine,,
00:00:EB:57:C3:C7,wifine,,
00:00:EB:58:03:07,wifine,,
00:00:EB:58:03:87,wifine,,
00:00:EB:58:43:A7,wifine,,
00:00:EB:58:83:27,wifine,,
00:00:EB:58:C3:A7,wifine,,
00:00:EB:59:C3:E7,wifine,,
00:00:EB:59:C3:F7,wifine,,
00:00:EB:5A:43:E7,wifine,,
00:00:EB:5A:83:07,wifine,,
00:00:EB:5B:03:67,wifine,,
00:00:EB:5B:03:87,wifine,,
00:00:EB:5C:C3:A7,wifine,,
00:00:EB:5C:C3:C7,wifine,,
00:00:EB:5D:83:07,wifine,,
00:00:EB:5D:83:67,wifine,,
00:00:EB:5D:83:A7,wifine,,
00:00:EB:5E:C3:87,wifine,,
00:00:EB:5F:03:07,wifine,,
00:00:EB:5F:03:27,wifine,,
00:00:EB:61:43:07,wifine,,
00:00:EB:61:83:07,wifine,,
00:00:EB:61:83:27,wifine,,
00:00:EB:61:83:87,wifine,,
00:00:EB:63:83:87,wifine,,
00:00:EB:64:03:47,wifine,,
00:00:EB:64:43:67,wifine,,
00:00:EB:64:83:07,wifine,,
00:00:EB:64:83:47,wifine,,
00:00:EB:64:83:67,wifine,,
00:00:EB:64:83:C7,wifine,,
00:00:EB:64:83:D7,wifine,,
00:00:EB:64:83:E7,wifine,,
00:00:EB:64:C3:47,wifine,,
00:00:EB:64:C3:67,wifine,,
00:00:EB:64:C3:87,wifine,,
00:00:EB:64:C3:A7,wifine,,
00:00:EB:64:C3:C7,wifine,,
00:00:EB:64:C3:E7,wifine,,
00:00:EB:65:03:27,wifine,,
00:00:EB:65:03:67,wifine,,
00:00:EB:65:43:07,wifine,,
00:00:EB:65:43:47,wifine,,
00:00:EB:65:43:A7,wifine,,
00:00:EB:65:83:47,wifine,,
00:00:EB:65:C3:A7,wifine,,
00:00:EB:65:C3:E7,wifine,,
00:00:EB:66:03:A7,wifine,,
00:00:EB:66:83:27,wifine,,
00:00:EB:66:83:47,wifine,,
00:00:EB:66:83:E7,wifine,,
00:00:EB:66:C3:47,wifine,,
00:00:EB:67:03:67,wifine,,
00:00:EB:68:83:87,wifine,,
00:00:EB:77:03:07,wifine,,
00:00:EB:77:03:27,wifine,,
00:00:EB:77:03:A7,wifine,,
00:00:EB:77:43:27,wifine,,
00:00:EB:77:43:67,wifine,,
00:00:EB:77:83:A7,wifine,,
00:00:EB:77:83:C7,wifine,,
00:00:EB:77:83:E7,wifine,,
00:00:EB:77:C3:C7,wifine,,
00:00:EB:78:43:07,wifine,,
00:00:EB:78:43:67,wifine,,
00:00:EB:78:43:87,wifine,,
00:00:EB:78:83:A7,wifine,,
00:00:EB:78:83:E7,wifine,,
00:00:EB:78:C3:07,wifine,,
00:00:EB:78:C3:27,wifine,,
00:00:EB:78:C3:47,wifine,,
00:00:EB:78:C3:87,wifine,,
00:00:EB:78:C3:C7,wifine,,
00:00:EB:78:C3:E7,wifine,,
00:00:EB:7B:03:07,wifine,,
00:00:EB:7B:03:27,wifine,,
00:00:EB:7B:03:47,wifine,,
00:00:EB:7B:03:87,wifine,,
00:00:EB:7B:43:27,wifine,,
00:00:EB:7B:43:C7,wifine,,
00:00:EB:7B:43:E7,wifine,,
00:00:EB:7B:83:07,wifine,,
00:00:EB:7B:83:87,wifine,,
00:00:EB:7B:83:A7,wifine,,
00:00:EB:7B:83:C7,wifine,,
00:00:EB:7B:83:E7,wifine,,
00:00:EB:7B:C3:27,wifine,,
00:00:EB:7B:C3:87,wifine,,
00:00:EB:7B:C3:A7,wifine,,
00:00:EB:7B:C3:C7,wifine,,
00:00:EB:7B:C3:E7,wifine,,
00:00:EB:7C:03:07,wifine,,
00:00:EB:7C:03:27,wifine,,
00:00:EB:7C:03:67,wifine,,
00:00:EB:7C:03:E7,wifine,,
00:00:EB:7C:43:67,wifine,,
00:00:EB:7C:43:87,wifine,,
00:00:EB:7C:83:27,wifine,,
00:00:EB:7C:83:67,wifine,,
00:00:EB:7C:C3:27,wifine,,
00:00:EB:7C:C3:87,wifine,,
00:00:EB:7C:C3:A7,wifine,,
00:00:EB:7D:03:07,wifine,,
00:00:EB:7D:03:47,wifine,,
00:00:EB:7D:03:57,wifine,,
00:00:EB:7D:03:67,wifine,,
00:00:EB:7D:43:47,wifine,,
00:00:EB:7D:43:67,wifine,,
00:00:EB:7D:43:A7,wifine,,
00:00:EB:7D:83:47,wifine,,
00:00:EB:7D:83:E7,wifine,,
00:00:EB:7D:83:F7,wifine,,
00:00:EB:7D:C3:27,wifine,,
00:00:EB:7D:C3:47,wifine,,
00:00:EB:7D:C3:57,wifine,,
00:00:EB:7D:C3:67,wifine,,
00:00:EB:7E:03:07,wifine,,
00:00:EB:7E:03:17,wifine,,
00:00:EB:7E:03:27,wifine,,
00:00:EB:7E:03:E7,wifine,,
00:00:EB:7E:43:27,wifine,,
00:00:EB:7E:43:67,wifine,,
00:00:EB:7E:43:87,wifine,,
00:00:EB:7E:83:07,wifine,,
00:00:EB:7E:83:27,wifine,,
00:00:EB:7E:83:C7,wifine,,
00:00:EB:7E:C3:67,wifine,,
00:00:EB:7E:C3:C7,wifine,,
00:00:EB:7E:C3:E7,wifine,,
00:00:EB:7F:03:27,wifine,,
00:00:EB:7F:03:A7,wifine,,
00:00:EB:7F:83:67,wifine,,
00:00:EB:80:43:A7,wifine,,
00:00:EB:80:43:E7,wifine,,
00:00:EB:80:83:47,wifine,,
00:00:EB:80:83:67,wifine,,
00:00:EB:80:83:87,wifine,,
00:00:EB:80:83:C7,wifine,,
00:00:EB:80:83:D7,wifine,,
00:00:EB:80:C3:47,wifine,,
00:00:EB:84:83:A7,wifine,,
00:00:EB:85:43:27,wifine,,
00:00:EB:85:43:A7,wifine,,
00:00:EB:8B:03:A7,wifine,,
00:00:EB:8B:03:E7,wifine,,
00:00:EB:8B:43:27,wifine,,
00:00:EB:8B:83:A7,wifine,,
00:00:EB:8C:03:07,wifine,,
00:00:EB:8C:C3:07,wifine,,
00:00:EB:8C:C3:17,wifine,,
00:00:EB:8E:03:87,wifine,,
00:00:EB:8F:83:47,wifine,,
00:00:EB:8F:83:57,wifine,,
00:00:EB:8F:C3:47,wifine,,
00:00:EB:8F:C3:67,wifine,,
00:00:EB:8F:C3:77,wifine,,
00:00:EB:92:C3:E7,wifine,,
00:00:EB:93:43:47,wifine,,
00:00:EB:95:43:67,wifine,,
00:00:EB:95:C3:07,wifine,,
00:00:EB:96:03:E7,wifine,,
00:00:EB:98:43:E7,wifine,,
00:00:EB:98:C3:E7,wifine,,
00:00:EB:99:43:67,wifine,,
00:00:EB:99:C3:87,wifine,,
00:00:EB:9A:03:47,wifine,,
00:00:EB:9B:03:27,wifine,,
00:00:EB:9B:83:07,wifine,,
00:00:EB:9B:83:27,wifine,,
00:00:EB:9D:03:67,wifine,,
00:00:EB:9D:03:C7,wifine,,
00:00:EB:9D:43:07,wifine,,
00:00:EB:9D:43:47,wifine,,
00:00:EB:9D:83:A7,wifine,,
00:00:EB:9D:83:E7,wifine,,
00:00:EB:9E:03:67,wifine,,
00:00:EB:9F:03:27,wifine,,
00:00:EB:9F:03:87,wifine,,
00:00:EB:9F:83:07,wifine,,
00:00:EB:9F:83:27,wifine,,
00:00:EB:9F:C3:27,wifine,,
00:00:EB:9F:C3:87,wifine,,
00:00:EB:9F:C3:A7,wifine,,
00:00:EB:A0:03:07,wifine,,
00:00:EB:A0:03:A7,wifine,,
00:00:EB:A0:43:07,wifine,,
00:00:EB:A0:43:27,wifine,,
00:00:EB:A0:83:07,wifine,,
00:00:EB:A0:83:47,wifine,,
00:00:EB:A0:83:A7,wifine,,
00:00:EB:A0:83:E7,wifine,,
00:00:EB:A0:C3:07,wifine,,
00:00:EB:A0:C3:27,wifine,,
00:00:EB:A0:C3:C7,wifine,,
00:00:EB:A1:03:07,wifine,,
00:00:EB:A1:03:87,wifine,,
00:00:EB:A1:03:C7,wifine,,
00:00:EB:A1:03:E7,wifine,,
00:00:EB:A1:43:27,wifine,,
00:00:EB:A1:43:47,wifine,,
00:00:EB:A1:43:67,wifine,,
00:00:EB:A1:43:87,wifine,,
00:00:EB:A1:43:A7,wifine,,
00:00:EB:A1:43:C7,wifine,,
00:00:EB:A1:83:27,wifine,,
00:00:EB:A1:C3:07,wifine,,
00:00:EB:AE:83:E7,wifine,,
00:00:EB:AF:83:E7,wifine,,
00:00:EB:AF:C3:07,wifine,,
00:00:EB:AF:C3:27,wifine,,
00:00:EB:AF:C3:47,wifine,,
00:00:EB:B0:03:47,wifine,,
00:00:EB:B0:03:87,wifine,,
00:00:EB:B0:03:E7,wifine,,
00:00:EB:B0:83:27,wifine,,
00:00:EB:B0:83:37,wifine,,
00:00:EB:B4:03:07,wifine,,
00:00:EB:B4:03:27,wifine,,
00:00:EB:B4:43:27,wifine,,
00:00:EB:B4:43:67,wifine,,
00:00:EB:B4:43:A7,wifine,,
00:00:EB:B4:43:E7,wifine,,
00:00:EB:B4:83:07,wifine,,
00:00:EB:B4:83:C7,wifine,,
00:00:EB:B4:83:E7,wifine,,
00:00:EB:B4:C3:67,wifine,,
00:00:EB:B4:C3:C7,wifine,,
00:00:EB:B4:C3:E7,wifine,,
00:00:EB:B5:03:27,wifine,,
00:00:EB:B5:83:E7,wifine,,
00:00:EB:B5:C3:07,wifine,,
00:00:EB:B5:C3:27,wifine,,
00:00:EB:B5:C3:87,wifine,,
00:00:EB:B5:C3:A7,wifine,,
00:00:EB:B5:C3:C7,wifine,,
00:00:EB:B5:C3:E7,wifine,,
00:00:EB:B6:03:07,wifine,,
00:00:EB:B6:03:27,wifine,,
00:00:EB:B6:03:67,wifine,,
00:00:EB:B6:03:87,wifine,,
00:00:EB:B8:83:C7,wifine,,
00:00:EB:B8:C3:07,wifine,,
00:00:EB:B8:C3:87,wifine,,
00:00:EB:B8:C3:C7,wifine,,
00:00:EB:B9:03:07,wifine,,
00:00:EB:B9:03:27,wifine,,
00:00:EB:B9:03:C7,wifine,,
00:00:EB:B9:03:E7,wifine,,
00:00:EB:B9:43:07,wifine,,
00:00:EB:B9:43:17,wifine,,
00:00:EB:B9:43:47,wifine,,
00:00:EB:B9:43:57,wifine,,
00:00:EB:B9:43:A7,wifine,,
00:00:EB:B9:83:07,wifine,,
00:00:EB:B9:83:47,wifine,,
00:00:EB:B9:83:87,wifine,,
00:00:EB:B9:83:97,wifine,,
00:00:EB:B9:83:C7,wifine,,
00:00:EB:B9:83:E7,wifine,,
00:00:EB:B9:C3:07,wifine,,
00:00:EB:B9:C3:27,wifine,,
00:00:EB:B9:C3:47,wifine,,
00:00:EB:BA:03:67,wifine,,
00:00:EB:BA:03:87,wifine,,
00:00:EB:BA:03:C7,wifine,,
00:00:EB:BA:03:E7,wifine,,
00:00:EB:BA:43:67,wifine,,
00:00:EB:BA:43:A7,wifine,,
00:00:EB:BA:83:07,wifine,,
00:00:EB:BA:83:27,wifine,,
00:00:EB:BA:83:67,wifine,,
00:00:EB:BA:83:A7,wifine,,
00:00:EB:BA:83:C7,wifine,,
00:00:EB:BA:C3:07,wifine,,
00:00:EB:BA:C3:27,wifine,,
00:00:EB:BA:C3:47,wifine,,
00:00:EB:BA:C3:67,wifine,,
00:00:EB:BA:C3:A7,wifine,,
00:00:EB:BA:C3:C7,wifine,,
00:00:EB:BA:C3:E7,wifine,,
00:00:EB:BB:43:67,wifine,,
00:00:EB:BB:43:87,wifine,,
00:00:EB:BB:43:A7,wifine,,
00:00:EB:BB:83:07,wifine,,
00:00:EB:BB:83:47,wifine,,
00:00:EB:BB:83:A7,wifine,,
00:00:EB:BB:83:B7,wifine,,
00:00:EB:BB:83:E7,wifine,,
00:00:EB:BD:03:47,wifine,,
00:00:EB:BD:03:67,wifine,,
00:00:EB:BD:83:07,wifine,,
00:00:EB:BE:83:67,wifine,,
00:00:EB:BE:83:C7,wifine,,
00:00:EB:BE:83:D7,wifine,,
00:00:EB:BE:C3:87,wifine,,
00:00:EB:BE:C3:97,wifine,,
00:00:EB:C9:43:E7,wifine,,
00:00:EB:C9:C3:27,wifine,,
00:00:EB:CF:83:87,wifine,,
00:00:EB:D2:43:E7,wifine,,
00:00:EB:D3:03:E7,wifine,,
00:00:EB:D3:83:87,wifine,,
00:02:6F:D1:E0:7C,wifine,,
00:02:72:7D:96:0C,NZ@McD1,,
00:02:72:7D:96:0C,attwifi,,
00:03:52:A3:C2:EC,wifine,,
00:03:52:A3:CE:8C,wifine,,
00:03:52:A6:A7:7C,wifine,,
00:03:52:A6:B2:8C,wifine,,
00:03:52:A6:B5:6D,wifine,,
00:03:52:A6:B7:6B,wifine,,
00:03:52:A6:B7:6C,wifine,,
00:03:52:A7:89:6C,wifine,,
00:03:52:A7:9A:5D,wifine,,
00:03:52:A7:9C:EC,wifine,,
00:03:52:A7:9E:3C,wifine,,
00:03:52:A7:A0:7B,wifine,,
00:03:52:A7:A6:ED,wifine,,
00:03:52:A7:AA:1C,wifine,,
00:03:52:A7:B0:AC,wifine,,
00:03:52:A7:B8:8C,wifine,,
00:03:52:A7:BC:2C,wifine,,
00:03:52:A7:CA:EC,wifine,,
00:03:52:A7:D5:4C,wifine,,
00:03:52:A8:7C:52,wifine,,
00:03:52:A8:7C:5C,wifine,,
00:03:52:A8:96:02,wifine,,
00:03:52:A8:96:0C,wifine,,
00:03:52:A8:9C:54,wifine,,
00:03:52:A8:9C:5C,wifine,,
00:03:52:A8:CA:7C,wifine,,
00:03:52:A8:D9:EC,wifine,,
00:03:52:A9:04:32,wifine,,
00:03:52:A9:04:3C,wifine,,
00:03:52:A9:47:6C,wifine,,
00:03:52:A9:47:B2,wifine,,
00:03:52:A9:47:BC,wifine,,
00:03:52:A9:48:1C,wifine,,
00:03:52:A9:4B:AC,wifine,,
00:03:52:A9:54:B2,wifine,,
00:03:52:A9:54:BC,wifine,,
00:03:52:A9:55:12,wifine,,
00:03:52:A9:55:1C,wifine,,
00:03:52:A9:73:7D,wifine,,
00:03:52:A9:77:42,wifine,,
00:03:52:A9:77:4C,wifine,,
00:03:52:A9:7A:7C,wifine,,
00:03:52:AE:6C:6B,wifine,,
00:03:52:AE:6C:6C,wifine,,
00:03:52:AE:CD:5C,wifine,,
00:03:52:AF:F5:EC,wifine,,
00:03:52:AF:F6:BD,wifine,,
00:03:52:AF:FB:1C,wifine,,
00:03:52:AF:FB:3C,wifine,,
00:03:52:AF:FB:9C,wifine,,
00:03:52:AF:FB:DC,wifine,,
00:03:52:AF:FC:3C,wifine,,
00:03:52:AF:FC:B1,wifine,,
00:03:52:AF:FC:BC,wifine,,
00:03:52:AF:FD:CC,wifine,,
00:03:52:C0:02:DC,wifine,,
00:03:52:C0:06:21,wifine,,
00:03:52:C0:06:2C,wifine,,
00:03:52:C0:07:81,wifine,,
00:03:52:C0:07:8C,wifine,,
00:03:52:C0:0D:5C,wifine,,
00:03:52:C0:11:BC,wifine,,
00:03:52:C0:12:81,wifine,,
00:03:52:C0:12:8C,wifine,,
00:03:52:C0:15:0D,wifine,,
00:03:52:C0:16:62,wifine,,
00:03:52:C0:16:6C,wifine,,
00:03:52:C1:08:BC,wifine,,
00:03:52:C1:10:33,wifine,,
00:03:52:C1:10:3C,wifine,,
00:03:52:C1:11:2C,wifine,,
00:03:52:C1:1A:EC,wifine,,
00:03:52:C1:1D:2C,wifine,,
00:03:52:C1:25:7C,wifine,,
00:03:52:C1:26:DC,wifine,,
00:03:52:C1:2E:94,wifine,,
00:03:52:C1:2E:9C,wifine,,
00:03:52:C1:2F:0C,wifine,,
00:03:52:C1:30:ED,wifine,,
00:03:52:C1:31:B1,wifine,,
00:03:52:C1:31:BC,wifine,,
00:03:52:C1:31:D1,wifine,,
00:03:52:C1:31:DC,wifine,,
00:03:52:C1:32:BC,wifine,,
00:03:52:C1:3A:7D,wifine,,
00:03:52:C1:3D:8C,wifine,,
00:03:52:C1:41:9D,wifine,,
00:03:52:C1:45:4C,wifine,,
00:03:52:C1:45:92,wifine,,
00:03:52:C1:45:9C,wifine,,
00:03:52:C1:4A:EC,wifine,,
00:03:52:C1:4C:3D,wifine,,
00:03:52:C1:50:1C,wifine,,
00:03:52:C1:53:54,wifine,,
00:03:52:C1:53:5C,wifine,,
00:03:52:C1:57:0C,wifine,,
00:03:52:C1:57:5C,wifine,,
00:03:52:C1:57:C1,wifine,,
00:03:52:C1:57:CC,wifine,,
00:03:52:C1:58:F2,wifine,,
00:03:52:C1:58:FD,wifine,,
00:03:52:C1:5A:CC,wifine,,
00:03:52:C4:81:6C,wifine,,
00:03:52:C4:81:6D,wifine,,
00:03:52:C5:EC:3C,wifine,,
00:03:52:C5:EC:DC,wifine,,
00:03:52:C5:ED:AC,wifine,,
00:03:52:C5:EE:EC,wifine,,
00:03:52:C5:EF:FC,wifine,,
00:03:52:C5:F2:2D,wifine,,
00:03:52:C5:F2:3C,wifine,,
00:03:52:C5:F2:6E,wifine,,
00:03:52:C5:F2:BC,wifine,,
00:03:52:C5:F2:DC,wifine,,
00:03:52:C5:F2:EC,wifine,,
00:03:52:C5:F3:8C,wifine,,
00:03:52:C5:FB:0D,wifine,,
00:03:52:C5:FC:CC,wifine,,
00:03:52:C6:02:4C,wifine,,
00:03:52:C6:07:6C,wifine,,
00:03:52:C6:07:FC,wifine,,
00:03:52:C6:08:5D,wifine,,
00:03:52:C6:0D:92,wifine,,
00:03:52:C6:0D:9C,wifine,,
00:03:52:C6:11:E2,wifine,,
00:03:52:C6:11:EC,wifine,,
00:03:52:C6:12:2C,wifine,,
00:03:52:C6:14:C2,wifine,,
00:03:52:C6:14:CC,wifine,,
00:03:52:C6:1B:FC,wifine,,
00:03:52:C6:1C:9C,wifine,,
00:03:52:C6:1F:AC,wifine,,
00:03:52:C6:21:EC,wifine,,
00:03:52:C6:23:BC,wifine,,
00:03:52:C6:27:A1,wifine,,
00:03:52:C6:27:AC,wifine,,
00:03:52:C6:27:FC,wifine,,
00:03:52:C6:2C:7C,wifine,,
00:03:52:C6:2E:11,wifine,,
00:03:52:C6:2E:1D,wifine,,
00:03:52:C6:2F:A1,wifine,,
00:03:52:C6:2F:AD,wifine,,
00:03:52:C6:33:AD,wifine,,
00:03:52:C6:38:9C,wifine,,
00:03:52:C6:3A:5C,wifine,,
00:03:52:C6:43:AC,wifine,,
00:03:52:C6:45:7C,wifine,,
00:03:52:C6:49:A1,wifine,,
00:03:52:C6:49:AD,wifine,,
00:03:52:C6:4A:11,wifine,,
00:03:52:C6:4A:1D,wifine,,
00:03:52:C6:4B:5C,wifine,,
00:03:52:C6:4C:AC,wifine,,
00:03:52:C6:52:3C,wifine,,
00:03:52:C6:52:AC,wifine,,
00:03:52:C6:52:CC,wifine,,
00:03:52:C6:53:0C,wifine,,
00:03:52:C6:53:3C,wifine,,
00:03:52:C6:53:6E,wifine,,
00:03:52:C6:53:CC,wifine,,
00:03:52:C6:56:0C,wifine,,
00:03:52:C6:5A:3C,wifine,,
00:03:52:C6:5B:3C,wifine,,
00:03:52:C6:65:AD,wifine,,
00:03:52:C6:69:42,wifine,,
00:03:52:C6:69:4D,wifine,,
00:03:52:C6:6B:3D,wifine,,
00:03:52:C6:71:DC,wifine,,
00:03:52:C6:73:2C,wifine,,
00:03:52:C6:79:FC,wifine,,
00:03:52:C6:7A:91,wifine,,
00:03:52:C6:7A:9D,wifine,,
00:03:52:C6:7C:6D,wifine,,
00:03:52:C6:86:5C,wifine,,
00:03:52:C7:EE:63,wifine,,
00:03:52:C7:EE:6C,wifine,,
00:03:52:C7:F1:AC,wifine,,
00:03:52:C7:F2:8C,wifine,,
00:03:52:C7:F9:BC,wifine,,
00:03:52:D8:12:0C,wifine,,
00:03:52:D8:1C:63,wifine,,
00:03:52:D8:1C:6C,wifine,,
00:03:52:D8:1C:8C,wifine,,
00:03:52:D8:1D:7C,wifine,,
00:03:52:D8:22:7C,wifine,,
00:03:52:D8:24:65,wifine,,
00:03:52:D8:24:6D,wifine,,
00:03:52:D8:24:7C,wifine,,
00:03:52:D8:24:EC,wifine,,
00:03:52:D8:25:0C,wifine,,
00:03:52:D8:25:1C,wifine,,
00:03:52:D8:2C:D1,wifine,,
00:03:52:D8:2C:DC,wifine,,
00:03:52:D8:EE:12,wifine,,
00:03:52:D8:EE:1D,wifine,,
00:03:52:D8:EE:C1,wifine,,
00:03:52:D8:EE:CC,wifine,,
00:03:52:D8:EF:02,wifine,,
00:03:52:D8:EF:0D,wifine,,
00:03:52:D8:F0:1C,wifine,,
00:03:52:D8:F1:1C,wifine,,
00:03:52:D8:F2:0D,wifine,,
00:03:52:D8:F3:15,wifine,,
00:03:52:D8:F3:1D,wifine,,
00:03:52:D8:F7:32,wifine,,
00:03:52:D8:F7:3D,wifine,,
00:03:52:D8:F8:03,wifine,,
00:03:52:D8:F8:0C,wifine,,
00:03:52:D8:F8:9D,wifine,,
00:03:52:D8:F9:7C,wifine,,
00:03:52:D8:FC:9C,wifine,,
00:03:52:D8:FD:61,wifine,,
00:03:52:D8:FD:6C,wifine,,
00:03:52:D8:FE:9C,wifine,,
00:03:52:D9:04:8B,wifine,,
00:03:52:D9:0D:3C,wifine,,
00:03:52:DA:37:82,wifine,,
00:03:52:DA:37:8C,wifine,,
00:03:52:DA:37:C4,wifine,,
00:03:52:DA:37:CC,wifine,,
00:03:52:DA:38:E4,wifine,,
00:03:52:DA:38:EC,wifine,,
00:03:52:DB:D3:FE,wifine,,
00:03:52:DD:41:E4,wifine,,
00:03:52:DD:41:ED,wifine,,
00:03:52:E2:73:5C,wifine,,
00:03:52:E2:74:0C,wifine,,
00:03:52:E2:74:2C,wifine,,
00:03:52:E2:74:5C,wifine,,
00:03:52:E2:78:3C,wifine,,
00:03:52:E2:78:8C,wifine,,
00:03:52:E2:79:DC,wifine,,
00:03:52:E2:7A:8C,wifine,,
00:03:52:E2:82:A9,wifine,,
00:03:52:E2:87:29,wifine,,
00:03:52:E2:87:8A,wifine,,
00:03:52:E2:87:C9,wifine,,
00:03:52:E2:8A:8D,wifine,,
00:03:52:E2:8A:CC,wifine,,
00:03:52:E2:8A:DC,wifine,,
00:03:52:E2:8B:7D,wifine,,
00:03:52:E2:8F:3D,wifine,,
00:03:52:E2:8F:6C,wifine,,
00:03:52:E2:95:3C,wifine,,
00:03:52:E2:95:D4,wifine,,
00:03:52:E2:95:DC,wifine,,
00:03:52:E2:96:FC,wifine,,
00:03:52:E2:9D:EC,wifine,,
00:03:52:E2:9E:2C,wifine,,
00:03:52:E2:9E:9C,wifine,,
00:03:52:E2:A1:DA,wifine,,
00:03:52:E2:A1:DC,wifine,,
00:03:52:E2:A5:8C,wifine,,
00:03:52:E2:A8:09,wifine,,
00:03:52:E2:AC:1C,wifine,,
00:03:52:E2:AC:1D,wifine,,
00:03:52:E2:AD:0D,wifine,,
00:03:52:E2:AD:2D,wifine,,
00:03:52:E2:AF:FD,wifine,,
00:03:52:E2:B2:09,wifine,,
00:03:52:E2:B3:B9,wifine,,
00:03:52:E2:B5:0C,wifine,,
00:03:52:E2:B5:5C,wifine,,
00:03:52:E2:B5:7D,wifine,,
00:03:52:E2:B6:21,wifine,,
00:03:52:E2:B6:2C,wifine,,
00:03:52:E2:B6:9D,wifine,,
00:03:52:E2:B7:1D,wifine,,
00:03:52:E2:BB:1C,wifine,,
00:03:52:E2:C0:AC,wifine,,
00:03:52:E2:C1:BA,wifine,,
00:03:52:E2:C1:ED,wifine,,
00:03:52:E2:C2:4D,wifine,,
00:03:52:E2:C3:4C,wifine,,
00:03:52:E2:C4:7A,wifine,,
00:03:52:E2:C6:3D,wifine,,
00:03:52:E2:C6:DD,wifine,,
00:03:52:E2:C7:9A,wifine,,
00:03:52:E2:C8:AA,wifine,,
00:03:52:E2:C8:E4,wifine,,
00:03:52:E2:C8:EC,wifine,,
00:03:52:E2:C9:8D,wifine,,
00:03:52:E2:C9:BC,wifine,,
00:03:52:E2:D2:3C,wifine,,
00:03:52:E2:D4:2D,wifine,,
00:03:52:E2:D4:3C,wifine,,
00:03:52:E2:D6:DC,wifine,,
00:03:52:E2:FF:5C,wifine,,
00:03:52:E3:00:FC,wifine,,
00:03:52:E3:01:1C,wifine,,
00:03:52:E3:02:EC,wifine,,
00:03:52:E3:0A:1C,wifine,,
00:03:52:E3:0A:BC,wifine,,
00:03:52:E3:0B:8C,wifine,,
00:03:52:E3:0B:CD,wifine,,
00:03:52:E3:0F:9C,wifine,,
00:03:52:E3:0F:BD,wifine,,
00:03:52:E3:16:4D,wifine,,
00:03:52:E3:16:7C,wifine,,
00:03:52:E3:17:4A,wifine,,
00:03:52:E3:20:BC,wifine,,
00:03:52:E3:2B:FC,wifine,,
00:03:52:E3:3B:0C,wifine,,
00:03:52:E3:3C:8C,wifine,,
00:03:52:E3:3C:CC,wifine,,
00:03:52:E3:41:7C,wifine,,
00:03:52:E3:42:6C,wifine,,
00:03:52:E3:46:9C,wifine,,
00:03:52:E3:58:8C,wifine,,
00:03:52:E3:79:8C,wifine,,
00:03:52:E3:79:BC,wifine,,
00:03:52:E3:7A:AE,wifine,,
00:03:52:E3:7B:5D,wifine,,
00:03:52:E3:7B:CC,wifine,,
00:03:52:E3:7B:DC,wifine,,
00:03:52:E3:7C:DC,wifine,,
00:03:52:E3:7E:6E,wifine,,
00:03:52:E3:7F:0C,wifine,,
00:03:52:E3:7F:C4,wifine,,
00:03:52:E3:7F:CC,wifine,,
00:03:52:E3:82:4C,wifine,,
00:03:52:E3:83:CD,wifine,,
00:03:52:E3:8A:8C,wifine,,
00:03:52:E3:90:1C,wifine,,
00:03:52:E3:90:2D,wifine,,
00:03:52:E3:91:49,wifine,,
00:03:52:E3:96:0C,wifine,,
00:03:52:E3:9A:7C,wifine,,
00:03:52:E3:9D:4D,wifine,,
00:03:52:E3:9F:D9,wifine,,
00:03:52:E3:A8:C9,wifine,,
00:03:52:E3:A9:6D,wifine,,
00:03:52:E3:AC:CB,wifine,,
00:03:52:E3:AD:EA,wifine,,
00:03:52:E3:B0:A9,wifine,,
00:03:52:E3:B1:49,wifine,,
00:03:52:E3:B1:8A,wifine,,
00:03:52:E3:B1:E9,wifine,,
00:03:52:E3:B2:79,wifine,,
00:03:52:E3:B2:99,wifine,,
00:03:52:E3:B6:DC,wifine,,
00:03:52:E3:BB:8A,wifine,,
00:03:52:E3:BC:29,wifine,,
00:03:52:E3:BC:74,wifine,,
00:03:52:E3:BC:7C,wifine,,
00:03:52:E3:BE:F9,wifine,,
00:03:52:E3:BF:B9,wifine,,
00:03:52:E3:C1:7A,wifine,,
00:03:52:E3:C1:B9,wifine,,
00:03:52:E3:C2:3C,wifine,,
00:03:52:E3:C6:A9,wifine,,
00:03:52:E3:C8:2A,wifine,,
00:03:52:E3:CC:6A,wifine,,
00:03:52:E3:CC:DC,wifine,,
00:03:52:E3:CC:F9,wifine,,
00:03:52:E3:D0:59,wifine,,
00:03:52:E3:D1:79,wifine,,
00:03:52:E3:D2:89,wifine,,
00:03:52:E3:D2:FC,wifine,,
00:03:52:E3:D4:19,wifine,,
00:03:52:E3:D8:6D,wifine,,
00:03:52:E3:D8:7A,wifine,,
00:03:52:E3:DB:AB,wifine,,
00:03:52:E3:DC:2B,wifine,,
00:03:52:E3:DD:3C,wifine,,
00:03:52:E3:DD:59,wifine,,
00:03:52:E3:DE:1A,wifine,,
00:03:52:E3:DE:9A,wifine,,
00:03:52:E3:DE:DC,wifine,,
00:03:52:E3:DF:C9,wifine,,
00:03:52:E3:E0:F9,wifine,,
00:03:52:E3:E2:1C,wifine,,
00:03:52:E3:E2:BC,wifine,,
00:03:52:E3:E4:B9,wifine,,
00:03:52:E3:E5:6C,wifine,,
00:03:52:E3:E5:BC,wifine,,
00:03:52:E3:E6:AB,wifine,,
00:03:52:E3:E6:C9,wifine,,
00:03:52:E3:E7:DA,wifine,,
00:03:52:E3:E9:69,wifine,,
00:03:52:E3:E9:B9,wifine,,
00:03:52:E3:E9:DA,wifine,,
00:03:52:E3:EA:1D,wifine,,
00:03:52:E3:EB:69,wifine,,
00:03:52:E3:EC:99,wifine,,
00:03:52:E3:EE:5D,wifine,,
00:03:52:E3:EE:99,wifine,,
00:03:52:E3:EE:AD,wifine,,
00:03:52:E3:EF:4C,wifine,,
00:03:52:E3:F1:19,wifine,,
00:03:52:E3:F1:69,wifine,,
00:03:52:E3:F2:29,wifine,,
00:03:52:E3:F3:09,wifine,,
00:03:52:E3:F3:8A,wifine,,
00:03:52:E5:0D:7D,wifine,,
00:03:52:E5:10:2C,wifine,,
00:03:52:E5:13:7C,wifine,,
00:03:52:E5:15:CD,wifine,,
00:03:52:E5:15:CE,wifine,,
00:03:52:E5:1E:CC,wifine,,
00:03:52:E5:21:7D,wifine,,
00:03:52:E5:24:CC,wifine,,
00:03:52:E5:27:7C,wifine,,
00:03:52:E5:29:7D,wifine,,
00:03:52:E5:2D:DC,wifine,,
00:03:52:E5:2E:1C,wifine,,
00:03:52:E5:31:AC,wifine,,
00:03:52:E5:32:AC,wifine,,
00:03:52:E5:3C:FA,wifine,,
00:03:52:E5:3C:FC,wifine,,
00:03:52:E5:3D:AC,wifine,,
00:03:52:E5:42:BC,wifine,,
00:03:52:E5:43:4C,wifine,,
00:03:52:E5:44:DD,wifine,,
00:03:52:E5:45:5C,wifine,,
00:03:52:E5:45:ED,wifine,,
00:03:52:E5:46:CB,wifine,,
00:03:52:E5:47:0B,wifine,,
00:03:52:E5:47:9B,wifine,,
00:03:52:E5:47:CA,wifine,,
00:03:52:E5:4F:6C,wifine,,
00:03:52:E5:4F:7D,wifine,,
00:03:52:E5:4F:AA,wifine,,
00:03:52:E5:4F:BD,wifine,,
00:03:52:E5:51:4B,wifine,,
00:03:52:E5:52:2C,wifine,,
00:03:52:E5:5B:0B,wifine,,
00:03:52:E5:5B:7A,wifine,,
00:03:52:E5:5B:BA,wifine,,
00:03:52:E5:5C:AD,wifine,,
00:03:52:E5:5C:CD,wifine,,
00:03:52:E5:5D:3B,wifine,,
00:03:52:E5:5D:3D,wifine,,
00:03:52:E5:69:CC,wifine,,
00:03:52:E5:80:99,wifine,,
00:03:52:E5:83:EC,wifine,,
00:03:52:E5:A3:5C,wifine,,
00:03:52:E5:A4:9C,wifine,,
00:03:52:E5:A9:CB,wifine,,
00:03:52:E5:AA:CB,wifine,,
00:03:52:E5:AA:CD,wifine,,
00:03:52:E5:AC:03,wifine,,
00:03:52:E5:AC:0C,wifine,,
00:03:52:E5:B5:E4,wifine,,
00:03:52:E5:B5:EC,wifine,,
00:03:52:E5:B7:AD,wifine,,
00:03:52:E5:B8:7A,wifine,,
00:03:52:E5:B8:DD,wifine,,
00:03:52:E5:BD:6B,wifine,,
00:03:52:E5:BD:6D,wifine,,
00:03:52:E5:BD:BB,wifine,,
00:03:52:E5:C6:2C,wifine,,
00:03:52:E5:C7:2D,wifine,,
00:03:52:E5:C8:8B,wifine,,
00:03:52:E5:C8:9B,wifine,,
00:03:52:E5:C9:D9,wifine,,
00:04:ED:7E:29:75,NZ@McD1,,
00:04:ED:7E:29:75,attwifi,,
00:04:ED:F3:28:4C,NZ@McD1,,
00:04:ED:F3:28:4C,attwifi,,
00:05:59:38:94:34,NZ@McD1,,
00:05:59:38:94:34,attwifi,,
00:06:25:3B:E1:FA,NZ@McD1,,
00:06:25:3B:E1:FA,attwifi,,
00:06:4F:84:65:12,NZ@McD1,,
00:06:4F:84:65:12,attwifi,,
00:08:30:00:4E:97,attwifi,33.96724504,-84.01668908
00:08:30:00:4F:D7,attwifi,33.96724504,-84.01668908
00:08:30:00:5F:D7,attwifi,33.95019846,-84.1338843
00:08:30:38:76:B7,attwifi,29.15519195,-82.18508635
00:08:30:38:77:07,attwifi,29.15614295,-82.18505884
00:08:30:A6:BA:97,attwifi,34.09134799,-83.99998839
00:08:30:B6:3F:97,attwifi,34.09115472,-83.99970167
00:0C:E7:83:CF:02,NZ@McD1,,
00:0C:E7:83:CF:02,attwifi,,
00:0C:F6:C2:EA:58,NZ@McD1,,
00:0C:F6:C2:EA:58,attwifi,,
00:0C:F6:C4:88:00,NZ@McD1,,
00:0C:F6:C4:88:00,attwifi,,
00:0D:67:12:8D:AF,attwifi,30.8205852,-83.31351356
00:0D:67:14:0E:CD,attwifi,34.07358024,-83.91740114
00:0D:67:15:74:E3,attwifi,29.61490894,-82.38424436
00:0D:67:15:7C:64,attwifi,32.87996164,-83.76561034
00:0D:67:68:19:9B,attwifi,34.00201833,-83.91066131
00:0D:67:68:46:1D,attwifi,34.09136884,-84.00001573
00:0D:67:68:63:FF,attwifi,31.13447063,-83.43848124
00:0D:67:68:80:79,attwifi,30.8418199,-83.32497175
00:0D:67:6A:2C:41,attwifi,30.8194028,-83.31420043
00:0D:67:6A:5D:D3,attwifi,33.68131753,-84.40740061
00:0F:24:E4:2B:F0,attwifi,34.75926681,-85.00195996
00:0F:24:E7:AB:E0,attwifi,34.7559918,-85.00216447
00:0F:61:1A:0C:75,wifine,,
00:0F:61:1A:0F:F5,wifine,,
00:0F:61:1A:12:D5,wifine,,
00:0F:61:1A:15:95,wifine,,
00:0F:61:1A:19:F2,wifine,,
00:0F:61:1A:1A:15,wifine,,
00:0F:61:1A:1A:75,wifine,,
00:0F:61:1A:1A:A5,wifine,,
00:0F:61:1A:1A:B5,wifine,,
00:0F:61:1A:1B:05,wifine,,
00:0F:61:1A:1B:25,wifine,,
00:0F:61:1A:1B:F5,wifine,,
00:0F:61:1A:23:45,wifine,,
00:0F:61:1A:23:B5,wifine,,
00:0F:61:1A:23:E5,wifine,,
00:0F:61:1A:24:55,wifine,,
00:0F:61:1A:24:82,wifine,,
00:0F:61:1A:24:C5,wifine,,
00:0F:61:1A:24:E5,wifine,,
00:0F:61:1A:25:95,wifine,,
00:0F:61:1A:26:B5,wifine,,
00:0F:61:1A:27:05,wifine,,
00:0F:61:1A:27:25,wifine,,
00:0F:61:1A:27:45,wifine,,
00:0F:61:1A:27:65,wifine,,
00:0F:61:1A:27:75,wifine,,
00:0F:61:1A:27:C5,wifine,,
00:0F:61:1A:27:D5,wifine,,
00:0F:61:1A:28:05,wifine,,
00:0F:61:1A:28:25,wifine,,
00:0F:61:1A:28:45,wifine,,
00:0F:61:1A:28:95,wifine,,
00:0F:61:1A:28:C5,wifine,,
00:0F:61:1A:29:05,wifine,,
00:0F:61:1A:29:A2,wifine,,
00:0F:61:1A:29:B5,wifine,,
00:0F:61:1A:29:C5,wifine,,
00:0F:61:1A:2A:C5,wifine,,
00:0F:61:1A:2D:B2,wifine,,
00:0F:61:1B:2B:25,wifine,,
00:0F:61:1B:2C:C5,wifine,,
00:0F:61:1B:2D:C2,wifine,,
00:0F:61:1B:2E:25,wifine,,
00:0F:61:1B:2E:45,wifine,,
00:0F:61:1B:2F:35,wifine,,
00:0F:61:4F:2B:95,wifine,,
00:0F:61:4F:2C:85,wifine,,
00:0F:61:4F:2C:C5,wifine,,
00:0F:61:4F:2C:E5,wifine,,
00:0F:61:4F:2D:45,wifine,,
00:0F:61:4F:2D:A2,wifine,,
00:0F:61:4F:2E:75,wifine,,
00:0F:61:4F:A7:14,wifine,,
00:0F:61:4F:A7:75,wifine,,
00:0F:61:51:82:45,wifine,,
00:0F:61:51:83:92,wifine,,
00:0F:61:51:84:C5,wifine,,
00:0F:61:51:85:A2,wifine,,
00:0F:61:51:9E:73,wifine,,
00:0F:61:51:9E:75,wifine,,
00:0F:61:52:17:45,wifine,,
00:0F:61:52:17:75,wifine,,
00:0F:61:52:17:B5,wifine,,
00:0F:61:52:18:75,wifine,,
00:0F:61:52:18:85,wifine,,
00:0F:61:52:18:A5,wifine,,
00:0F:61:52:18:E5,wifine,,
00:0F:61:54:FC:15,wifine,,
00:0F:61:54:FC:25,wifine,,
00:0F:61:54:FC:B5,wifine,,
00:0F:61:54:FD:35,wifine,,
00:0F:61:59:B2:C5,wifine,,
00:0F:61:59:B6:A5,wifine,,
00:0F:61:5A:1B:E5,wifine,,
00:0F:61:5A:1C:35,wifine,,
00:0F:61:5A:2F:55,wifine,,
00:0F:61:5A:2F:A5,wifine,,
00:0F:61:5A:32:65,wifine,,
00:0F:61:5A:32:B3,wifine,,
00:0F:61:5A:32:D2,wifine,,
00:0F:61:5A:33:22,wifine,,
00:0F:61:5A:33:65,wifine,,
00:0F:61:5A:33:C2,wifine,,
00:0F:61:5A:34:A3,wifine,,
00:0F:61:5A:35:25,wifine,,
00:0F:61:5A:35:32,wifine,,
00:0F:61:5A:35:45,wifine,,
00:0F:61:5A:AF:D5,wifine,,
00:0F:61:5A:B0:92,wifine,,
00:0F:61:5A:B0:C5,wifine,,
00:0F:61:5A:B2:62,wifine,,
00:0F:61:5A:B2:C5,wifine,,
00:0F:61:5A:B2:E5,wifine,,
00:0F:61:5A:B3:12,wifine,,
00:0F:61:5B:2A:E5,wifine,,
00:0F:61:5B:2B:B3,wifine,,
00:0F:61:5B:2B:C5,wifine,,
00:0F:61:5B:58:D3,wifine,,
00:0F:61:5B:5A:D3,wifine,,
00:0F:61:5B:5B:13,wifine,,
00:0F:61:5B:A7:D5,wifine,,
00:0F:61:5B:A9:F3,wifine,,
00:0F:61:5B:AA:25,wifine,,
00:0F:61:5B:AA:43,wifine,,
00:0F:61:5B:AA:63,wifine,,
00:0F:61:5B:AB:D5,wifine,,
00:0F:61:5B:AB:E5,wifine,,
00:0F:61:5B:AE:D2,wifine,,
00:0F:61:5C:27:C5,wifine,,
00:0F:61:5C:28:93,wifine,,
00:0F:61:5C:5E:D5,wifine,,
00:0F:61:5C:75:F5,wifine,,
00:0F:61:5D:1C:A5,wifine,,
00:0F:61:5D:1D:82,wifine,,
00:0F:61:5D:98:45,wifine,,
00:0F:61:5D:98:85,wifine,,
00:0F:61:5D:98:95,wifine,,
00:0F:61:5D:99:45,wifine,,
00:0F:61:5D:9A:03,wifine,,
00:0F:61:5D:9A:15,wifine,,
00:0F:61:5D:9A:C3,wifine,,
00:0F:61:5D:9A:F3,wifine,,
00:0F:61:5D:9A:F5,wifine,,
00:0F:61:5D:9B:25,wifine,,
00:0F:61:5D:9B:35,wifine,,
00:0F:61:5D:9B:C3,wifine,,
00:0F:61:5D:9B:F3,wifine,,
00:0F:61:5D:9C:45,wifine,,
00:0F:61:5E:98:F5,wifine,,
00:0F:61:5E:99:25,wifine,,
00:0F:61:5E:99:43,wifine,,
00:0F:61:5E:9C:65,wifine,,
00:0F:61:5E:9C:B5,wifine,,
00:0F:61:5E:9C:C5,wifine,,
00:0F:61:5E:9C:D5,wifine,,
00:0F:61:5E:AA:43,wifine,,
00:0F:61:80:14:85,wifine,,
00:0F:61:80:14:E5,wifine,,
00:0F:61:80:15:05,wifine,,
00:0F:61:81:94:D5,wifine,,
00:0F:61:81:95:75,wifine,,
00:0F:61:81:95:A5,wifine,,
00:0F:61:82:0F:A5,wifine,,
00:0F:61:82:0F:B5,wifine,,
00:0F:61:82:0F:D5,wifine,,
00:0F:61:82:10:85,wifine,,
00:0F:61:82:10:C5,wifine,,
00:0F:61:82:11:95,wifine,,
00:0F:61:82:37:C5,wifine,,
00:0F:61:82:92:25,wifine,,
00:0F:61:82:BB:D5,wifine,,
00:0F:61:82:BD:C5,wifine,,
00:0F:61:82:BE:25,wifine,,
00:0F:61:82:BE:75,wifine,,
00:0F:61:83:15:82,wifine,,
00:0F:61:83:6D:94,wifine,,
00:0F:61:85:6A:75,wifine,,
00:0F:61:85:E7:25,wifine,,
00:0F:61:85:E9:35,wifine,,
00:0F:61:86:15:A5,wifine,,
00:0F:61:86:15:E2,wifine,,
00:0F:61:86:16:15,wifine,,
00:0F:61:86:16:25,wifine,,
00:0F:61:86:16:55,wifine,,
00:0F:61:86:16:62,wifine,,
00:0F:61:86:16:75,wifine,,
00:0F:61:86:16:C5,wifine,,
00:0F:61:86:16:F5,wifine,,
00:0F:61:86:8F:42,wifine,,
00:0F:61:86:8F:65,wifine,,
00:0F:61:86:8F:95,wifine,,
00:0F:61:86:8F:A5,wifine,,
00:0F:61:86:8F:C5,wifine,,
00:0F:61:86:8F:D2,wifine,,
00:0F:61:86:8F:E5,wifine,,
00:0F:61:86:8F:F5,wifine,,
00:0F:61:86:90:03,wifine,,
00:0F:61:86:90:15,wifine,,
00:0F:61:86:90:25,wifine,,
00:0F:61:86:95:55,wifine,,
00:0F:61:88:7E:F3,wifine,,
00:0F:61:88:7F:23,wifine,,
00:0F:61:88:7F:41,wifine,,
00:0F:61:88:7F:B3,wifine,,
00:0F:61:88:F8:C3,wifine,,
00:0F:61:88:F8:F3,wifine,,
00:0F:61:8C:FE:93,wifine,,
00:0F:61:B0:72:B3,wifine,,
00:0F:61:B0:75:D3,wifine,,
00:0F:61:B0:75:F3,wifine,,
00:0F:61:B1:73:23,wifine,,
00:0F:61:B1:74:53,wifine,,
00:0F:61:B1:F1:91,wifine,,
00:0F:61:B2:99:23,wifine,,
00:0F:61:B2:B0:45,wifine,,
00:0F:61:B3:60:41,wifine,,
00:0F:61:B3:63:43,wifine,,
00:0F:61:B3:64:B3,wifine,,
00:0F:61:B3:E3:63,wifine,,
00:0F:61:B4:5C:B1,wifine,,
00:0F:61:B4:D9:E1,wifine,,
00:0F:61:B4:DC:41,wifine,,
00:0F:61:B4:DF:73,wifine,,
00:0F:61:BF:67:A3,wifine,,
00:0F:61:F4:E4:53,wifine,,
00:0F:61:F4:E7:13,wifine,,
00:0F:61:F4:EA:91,wifine,,
00:0F:61:F4:F4:A3,wifine,,
00:0F:90:FF:71:07,wifine,,
00:0F:F7:00:06:15,wifine,,
00:0F:F7:00:06:17,wifine,,
00:0F:F7:00:06:95,wifine,,
00:11:93:3D:8E:00,attwifi,34.06482896,-83.98174568
00:12:80:2F:E8:10,attwifi,34.06491947,-83.98208932
00:13:19:49:35:A2,attwifi,31.96075336,-83.75552465
00:13:19:B6:D6:76,wifine,,
00:13:19:B6:D8:26,wifine,,
00:13:19:B6:DD:46,wifine,,
00:13:19:B6:DE:06,wifine,,
00:13:60:E2:B3:A3,wifine,,
00:13:60:E2:B7:B3,wifine,,
00:13:60:E7:52:E3,wifine,,
00:13:C3:F0:77:A6,wifine,,
00:14:1C:9B:2F:96,wifine,,
00:14:1C:D0:13:D5,wifine,,
00:14:1C:D0:16:86,wifine,,
00:14:1C:D0:1C:46,wifine,,
00:14:1C:DD:BC:35,wifine,,
00:14:1C:DD:C3:B5,wifine,,
00:14:51:71:0D:71,wifine,,
00:14:69:2D:BE:36,wifine,,
00:14:69:2D:D3:95,wifine,,
00:14:6A:5B:19:83,wifine,,
00:14:6A:B2:73:86,wifine,,
00:14:6A:B2:78:B3,wifine,,
00:14:6A:B2:78:C3,wifine,,
00:14:6A:B2:7C:16,wifine,,
00:14:6A:B2:80:16,wifine,,
00:14:6A:B2:84:C3,wifine,,
00:14:6A:C5:BA:42,attwifi,33.90345021,-84.11949157
00:14:78:52:F5:7E,NZ@McD1,,
00:14:78:52:F5:7E,attwifi,,
00:14:95:B9:D2:70,NZ@McD1,,
00:14:95:B9:D2:70,attwifi,,
00:14:A5:C6:3A:64,NZ@McD1,,
00:14:A5:C6:3A:64,attwifi,,
00:14:BF:77:E9:15,NZ@McD1,,
00:14:BF:77:E9:15,attwifi,,
00:15:2B:92:EF:F0,attwifi,30.17768337,-82.68760112
00:15:2B:92:F5:80,attwifi,30.17798028,-82.68774774
00:15:2B:92:F8:00,attwifi,30.17738954,-82.68745729
00:15:62:BB:58:C0,attwifi,30.17539718,-82.68643416
00:15:62:BB:5C:10,attwifi,30.17568109,-82.68658366
00:15:62:C8:51:40,attwifi,30.17768337,-82.68760112
00:15:62:C8:51:80,attwifi,30.17568109,-82.68658366
00:15:63:99:DD:60,attwifi,30.17738954,-82.68745729
00:15:C6:29:46:C2,attwifi,28.44796811,-81.5603511
00:15:FA:A2:1A:C6,wifine,,
00:15:FA:A2:1A:C7,wifine,,
00:15:FA:A2:1B:D6,wifine,,
00:15:FA:A2:1E:A6,wifine,,
00:15:FA:A2:1F:26,wifine,,
00:15:FA:A2:20:B6,wifine,,
00:15:FA:A2:23:66,wifine,,
00:15:FA:A2:24:86,wifine,,
00:15:FA:A2:25:06,wifine,,
00:15:FA:A2:25:07,wifine,,
00:15:FA:A2:26:A6,wifine,,
00:15:FA:A2:26:B6,wifine,,
00:15:FA:A2:2D:26,wifine,,
00:15:FA:A2:30:A6,wifine,,
00:16:17:3E:26:6D,NZ@McD1,,
00:16:17:3E:26:6D,attwifi,,
00:17:3F:17:B4:0E,NZ@McD1,,
00:17:3F:17:B4:0E,attwifi,,
00:17:3F:56:0C:5E,NZ@McD1,,
00:17:3F:56:0C:5E,attwifi,,
00:17:82:F5:88:38,NZ@McD1,,
00:17:82:F5:88:38,attwifi,,
00:17:9A:FD:A7:E7,NZ@McD1,,
00:17:9A:FD:A7:E7,attwifi,,
00:18:01:C7:3C:41,NZ@McD1,,
00:18:01:C7:3C:41,attwifi,,
00:18:0A:7F:D9:E0,NZ@McD1,,
00:18:0A:7F:D9:E0,attwifi,,
00:18:39:E6:67:6F,NZ@McD1,,
00:18:39:E6:67:6F,attwifi,,
00:18:E7:9C:D4:DB,NZ@McD1,,
00:18:E7:9C:D4:DB,attwifi,,
00:18:E7:A7:D8:1A,NZ@McD1,,
00:18:E7:A7:D8:1A,attwifi,,
00:18:E7:F0:BD:11,wifine,,
00:18:F8:DA:62:41,NZ@McD1,,
00:18:F8:DA:62:41,attwifi,,
00:19:2F:AE:7D:F2,attwifi,34.11024903,-83.87667396
00:19:5B:99:96:37,NZ@McD1,,
00:19:5B:99:96:37,attwifi,,
00:19:A9:54:26:A0,attwifi,33.88477358,-84.46963249
00:19:A9:55:E3:60,attwifi,33.6610967,-84.42840431
00:19:A9:55:E5:C0,attwifi,33.66055424,-84.428961
00:19:C7:F3:4A:90,NZ@McD1,,
00:19:C7:F3:4A:90,attwifi,,
00:1A:2B:A5:C3:31,NZ@McD1,,
00:1A:2B:A5:C3:31,attwifi,,
00:1A:EF:0C:64:C9,NZ@McD1,,
00:1A:EF:0C:64:C9,attwifi,,
00:1B:B9:8C:65:FF,NZ@McD1,,
00:1B:B9:8C:65:FF,attwifi,,
00:1C:10:C1:F8:36,NZ@McD1,,
00:1C:10:C1:F8:36,attwifi,,
00:1C:C2:14:77:8C,NZ@McD1,,
00:1C:C2:14:77:8C,attwifi,,
00:1D:70:9C:35:52,attwifi,34.00200876,-83.91063836
00:1D:72:A0:A0:A1,NZ@McD1,,
00:1D:72:A0:A0:A1,attwifi,,
00:1D:7E:2A:C7:7E,NZ@McD1,,
00:1D:7E:2A:C7:7E,attwifi,,
00:1E:7A:A7:72:B0,attwifi,28.44913065,-81.47453843
00:1E:E5:E7:14:2D,NZ@McD1,,
00:1E:E5:E7:14:2D,attwifi,,
00:1F:5B:C6:7C:89,NZ@McD1,,
00:1F:5B:C6:7C:89,attwifi,,
00:1F:C6:42:41:8C,NZ@McD1,,
00:1F:C6:42:41:8C,attwifi,,
00:1F:C9:66:A7:90,attwifi,28.37884989,-81.50409386
00:1F:C9:66:EC:60,attwifi,28.37792383,-81.50468777
00:1F:C9:67:7E:F0,attwifi,28.37791978,-81.50484374
00:1F:C9:67:7F:B0,attwifi,28.37798463,-81.50493533
00:1F:C9:67:93:90,attwifi,28.37782667,-81.50461763
00:1F:C9:FD:ED:C0,attwifi,28.44031435,-81.47449746
00:1F:CA:5F:FB:A0,attwifi,33.86501143,-84.47855788
00:1F:F3:05:2B:2B,wifine,,
00:21:04:1C:08:28,NZ@McD1,,
00:21:04:1C:08:28,attwifi,,
00:21:55:B3:8B:C0,attwifi,33.98001558,-84.08029424
00:21:7C:D7:80:40,NZ@McD1,,
00:21:7C:D7:80:40,attwifi,,
00:21:85:72:86:D1,NZ@McD1,,
00:21:85:72:86:D1,attwifi,,
00:21:A0:04:E5:90,attwifi,35.97375833,-86.57039374
00:21:A0:F9:17:50,attwifi,33.9878883,-84.08389834
00:21:D8:93:A3:20,attwifi,28.46728866,-81.46397981
00:21:E9:B8:B4:E7,wifine,,
00:22:2D:84:22:F4,NZ@McD1,,
00:22:2D:84:22:F4,attwifi,,
00:22:3F:92:2D:AE,NZ@McD1,,
00:22:3F:92:2D:AE,attwifi,,
00:22:3F:97:0E:51,NZ@McD1,,
00:22:3F:97:0E:51,attwifi,,
00:22:3F:A9:0D:D6,NZ@McD1,,
00:22:3F:A9:0D:D6,attwifi,,
00:22:55:58:86:80,attwifi,35.97299238,-86.56987851
00:22:55:EE:F2:00,attwifi,28.46877419,-81.46230469
00:22:55:EE:FF:40,attwifi,28.46862553,-81.46243531
00:22:6B:62:F0:19,NZ@McD1,,
00:22:6B:62:F0:19,attwifi,,
00:22:6B:62:F0:1A,NZ@McD1,,
00:22:6B:62:F0:1A,attwifi,,
00:22:A4:7C:1A:18,NZ@McD1,,
00:22:A4:7C:1A:18,attwifi,,
00:22:BE:93:F0:D0,attwifi,29.02793555,-82.15830157
00:22:FB:B3:36:50,NZ@McD1,,
00:22:FB:B3:36:50,attwifi,,
00:23:05:0C:05:D0,attwifi,29.02863499,-82.15837531
00:23:05:0C:06:90,attwifi,29.02667406,-82.15779442
00:23:05:0C:07:50,attwifi,29.02863499,-82.15837531
00:23:14:A7:FC:11,NZ@McD1,,
00:23:14:A7:FC:11,attwifi,,
00:23:4E:8F:C7:C0,NZ@McD1,,
00:23:4E:8F:C7:C0,attwifi,,
00:23:5E:4A:19:20,attwifi,33.88445837,-84.47009536
00:23:5E:96:40:00,attwifi,33.88445837,-84.47009536
00:23:5E:96:40:10,attwifi,33.88454776,-84.46962566
00:23:5E:96:41:40,attwifi,33.88488457,-84.46919062
00:23:69:4D:FC:9E,NZ@McD1,,
00:23:69:4D:FC:9E,attwifi,,
00:23:6C:7B:AC:45,NZ@McD1,,
00:23:6C:7B:AC:45,attwifi,,
00:23:CD:F7:7F:54,NZ@McD1,,
00:23:CD:F7:7F:54,attwifi,,
00:24:01:F4:80:55,NZ@McD1,,
00:24:01:F4:80:55,attwifi,,
00:24:14:12:AE:D2,attwifi,28.87174985,-82.09213988
00:24:17:ED:E7:62,NZ@McD1,,
00:24:17:ED:E7:62,attwifi,,
00:24:36:AC:D4:D1,NZ@McD1,,
00:24:36:AC:D4:D1,attwifi,,
00:24:51:04:71:A0,attwifi,33.91782363,-84.3393793
00:24:51:04:73:70,attwifi,33.91699788,-84.34233636
00:24:51:C9:99:50,attwifi,33.91699788,-84.34233636
00:24:51:CA:49:D0,attwifi,33.6610967,-84.42840431
00:24:97:10:06:60,attwifi,31.44949728,-83.5308631
00:24:97:75:04:E0,attwifi,28.39254591,-81.49142294
00:24:97:76:53:D0,attwifi,28.39254591,-81.49142294
00:24:97:76:6B:B0,attwifi,28.39235573,-81.49159199
00:24:97:76:C3:90,attwifi,28.39235573,-81.49159199
00:24:97:82:BB:60,attwifi,28.39235573,-81.49159199
00:24:97:BA:50:80,attwifi,31.45014625,-83.53082559
00:24:98:99:B6:50,attwifi,33.91782363,-84.3393793
00:24:A8:91:FC:D5,wifine,,
00:24:A8:92:5E:B5,wifine,,
00:24:A8:92:6E:33,wifine,,
00:24:A8:96:99:95,wifine,,
00:24:A8:96:99:F3,wifine,,
00:24:A8:96:99:F4,wifine,,
00:24:A8:96:D9:B5,wifine,,
00:24:A8:96:E9:93,wifine,,
00:24:A8:9B:A4:B5,wifine,,
00:24:A8:9E:FA:F5,wifine,,
00:24:A8:A4:DA:54,wifine,,
00:24:A8:A4:EA:C2,wifine,,
00:24:A8:A4:EA:D4,wifine,,
00:24:B2:0E:15:CD,NZ@McD1,,
00:24:B2:0E:15:CD,attwifi,,
00:24:B2:96:C5:91,NZ@McD1,,
00:24:B2:96:C5:91,attwifi,,
00:24:C4:39:8E:B3,wifine,,
00:24:D1:8A:3B:73,NZ@McD1,,
00:24:D1:8A:3B:73,attwifi,,
00:25:86:D1:D8:A3,NZ@McD1,,
00:25:86:D1:D8:A3,attwifi,,
00:25:9C:28:F2:4C,NZ@McD1,,
00:25:9C:28:F2:4C,attwifi,,
00:25:9C:52:1C:6A,attwifi,34.08752152,-83.89810964
00:25:9C:6E:7A:C5,NZ@McD1,,
00:25:9C:6E:7A:C5,attwifi,,
00:25:D3:92:FA:6C,NZ@McD1,,
00:25:D3:92:FA:6C,attwifi,,
00:25:F1:D9:F8:A2,NZ@McD1,,
00:25:F1:D9:F8:A2,attwifi,,
00:26:18:51:82:7A,NZ@McD1,,
00:26:18:51:82:7A,attwifi,,
00:26:42:3C:AD:E0,NZ@McD1,,
00:26:42:3C:AD:E0,attwifi,,
00:26:44:26:41:85,NZ@McD1,,
00:26:44:26:41:85,attwifi,,
00:26:5A:2C:C2:25,NZ@McD1,,
00:26:5A:2C:C2:25,attwifi,,
00:26:5A:71:BA:CD,attwifi,31.44699363,-83.53047325
00:26:5A:A4:D8:77,NZ@McD1,,
00:26:5A:A4:D8:77,attwifi,,
00:26:91:63:19:B5,NZ@McD1,,
00:26:91:63:19:B5,attwifi,,
00:26:BB:13:58:8B,NZ@McD1,,
00:26:BB:13:58:8B,attwifi,,
00:26:F2:EF:31:97,NZ@McD1,,
00:26:F2:EF:31:97,attwifi,,
00:26:FF:8A:BF:87,wifine,,
00:3A:99:5C:21:D0,attwifi,34.7559918,-85.00216447
00:3A:99:F5:EA:70,attwifi,33.42624734,-84.180274
00:3A:99:F6:03:60,attwifi,33.4256393,-84.17956046
00:3A:99:F6:D3:C0,attwifi,32.46901459,-83.74479992
00:3A:9A:05:00:90,attwifi,32.47035802,-83.74446929
00:3A:9A:08:0D:00,attwifi,32.46756099,-83.74553479
00:3A:9A:10:BF:91,attwifi,34.08761693,-83.8984044
00:3A:9A:1E:50:F0,attwifi,28.48719761,-81.45580803
00:3A:9A:45:BA:80,attwifi,31.14361032,-83.44188368
00:3A:9A:45:C1:70,attwifi,31.14302125,-83.44166768
00:3A:9A:4A:B7:C0,attwifi,31.14243215,-83.44144879
00:3A:9A:69:1E:C0,attwifi,33.78199098,-84.3908549
00:3A:9A:6B:5A:A0,attwifi,33.78052298,-84.39091455
00:3A:9A:73:A1:20,attwifi,33.78003101,-84.39089856
00:3A:9A:77:23:A0,attwifi,33.83148495,-84.33747264
00:3A:9A:7A:FF:90,attwifi,33.7826936,-84.39086068
00:3A:9A:7B:08:20,attwifi,33.78206261,-84.3908548
00:3A:9A:83:76:20,attwifi,33.78232976,-84.39085683
00:3A:9A:83:8C:D0,attwifi,33.78126298,-84.39121372
00:3A:9A:83:93:70,attwifi,33.78194011,-84.39085894
00:3A:9A:83:9A:70,attwifi,33.7819764,-84.39085697
00:3A:9A:83:A8:70,attwifi,33.78274294,-84.3908589
00:3A:9A:83:D5:00,attwifi,33.78274294,-84.3908589
00:3A:9A:8E:9D:80,attwifi,28.4543969,-81.47461213
00:3A:9A:8E:9E:20,attwifi,28.45507551,-81.47462132
00:3A:9A:92:B4:C0,attwifi,28.45319212,-81.47459277
00:3A:9A:92:BE:90,attwifi,28.4539183,-81.47461015
00:3A:9A:92:BF:30,attwifi,28.45415911,-81.47460846
00:3A:9A:92:C2:00,attwifi,28.4543969,-81.47461213
00:3A:9A:92:C2:40,attwifi,28.45485236,-81.4746175
00:3A:9A:92:C5:50,attwifi,28.45415911,-81.47460846
00:3A:9A:92:C6:B0,attwifi,28.45529672,-81.47461878
00:3A:9A:92:C9:A0,attwifi,28.45615178,-81.47455232
00:3A:9A:92:CF:C0,attwifi,28.45507551,-81.47462132
00:3A:9A:92:D0:F0,attwifi,28.45157111,-81.474556
00:3A:9A:92:D7:00,attwifi,28.45485236,-81.4746175
00:3A:9A:92:D9:80,attwifi,28.45415911,-81.47460846
00:3A:9A:92:D9:90,attwifi,28.45529672,-81.47461878
00:3A:9A:9F:5A:00,attwifi,29.14990122,-82.18514884
00:3A:9A:9F:5E:70,attwifi,29.14486125,-82.18500666
00:3A:9A:A0:A9:C0,attwifi,33.78195862,-84.39085655
00:3A:9A:A0:B5:90,attwifi,33.78199098,-84.3908549
00:3A:9A:A0:B7:E0,attwifi,33.78492177,-84.39141255
00:3A:9A:A0:CD:00,attwifi,33.78199098,-84.3908549
00:3A:9A:CD:4E:80,wifine,,
00:E0:B8:AE:08:04,NZ@McD1,,
00:E0:B8:AE:08:04,attwifi,,
00:EB:2D:D8:62:AA,NZ@McD1,,
00:EB:2D:D8:62:AA,attwifi,,
02:E0:87:DF:26:54,wifine,,
04:A1:51:8D:66:E3,NZ@McD1,,
04:A1:51:8D:66:E3,attwifi,,
04:A1:51:BC:77:5B,NZ@McD1,,
04:A1:51:BC:77:5B,attwifi,,
04:DA:D2:AA:35:03,attwifi,34.07496632,-83.98476746
04:DA:D2:AA:D4:93,attwifi,34.07431624,-83.98473613
06:1B:9E:28:FB:B2,NZ@McD1,,
06:1B:9E:28:FB:B2,attwifi,,
08:86:3B:A1:B3:18,NZ@McD1,,
08:86:3B:A1:B3:18,attwifi,,
08:96:D7:5B:CC:EF,NZ@McD1,,
08:96:D7:5B:CC:EF,attwifi,,
08:96:D7:70:64:55,NZ@McD1,,
08:96:D7:70:64:55,attwifi,,
08:BD:43:7C:AD:72,NZ@McD1,,
08:BD:43:7C:AD:72,attwifi,,
0C:D5:02:13:B6:38,NZ@McD1,,
0C:D5:02:13:B6:38,attwifi,,
0C:D9:96:C7:AF:00,attwifi,28.4789197,-81.45700005
0C:D9:96:DB:D8:50,attwifi,28.47936692,-81.4577002
0C:D9:96:DB:DA:C0,attwifi,28.47895759,-81.45764648
0C:D9:96:DB:DF:40,attwifi,28.47782339,-81.45758468
0C:D9:96:DB:E5:40,attwifi,28.47908221,-81.45753129
0C:D9:96:DB:E6:10,attwifi,28.47891992,-81.45700236
0C:D9:96:DB:E7:80,attwifi,28.47881106,-81.45763012
0C:D9:96:DB:E9:60,attwifi,28.47892348,-81.45707107
10:0D:7F:84:05:3D,NZ@McD1,,
10:0D:7F:84:05:3D,attwifi,,
10:0D:7F:AA:54:A0,NZ@McD1,,
10:0D:7F:AA:54:A0,attwifi,,
10:1F:74:0B:50:C5,NZ@McD1,,
10:1F:74:0B:50:C5,attwifi,,
10:3B:59:B4:63:18,NZ@McD1,,
10:3B:59:B4:63:18,attwifi,,
10:3B:59:B6:CE:E8,NZ@McD1,,
10:3B:59:B6:CE:E8,attwifi,,
10:68:3F:37:E0:2C,NZ@McD1,,
10:68:3F:37:E0:2C,attwifi,,
10:6F:3F:38:F0:B8,NZ@McD1,,
10:6F:3F:38:F0:B8,attwifi,,
10:9F:A9:41:FD:C2,NZ@McD1,,
10:9F:A9:41:FD:C2,attwifi,,
10:BD:18:4C:D5:E2,attwifi,34.06450095,-83.98352125
10:BF:48:B3:C7:94,NZ@McD1,,
10:BF:48:B3:C7:94,attwifi,,
10:C3:7B:43:86:83,NZ@McD1,,
10:C3:7B:43:86:83,attwifi,,
10:FE:ED:A1:C7:42,NZ@McD1,,
10:FE:ED:A1:C7:42,attwifi,,
10:FE:ED:A1:C7:43,NZ@McD1,,
10:FE:ED:A1:C7:43,attwifi,,
14:10:9F:E1:70:47,NZ@McD1,,
14:10:9F:E1:70:47,attwifi,,
14:DA:E9:6F:F8:93,NZ@McD1,,
14:DA:E9:6F:F8:93,attwifi,,
18:87:96:17:21:C7,NZ@McD1,,
18:87:96:17:21:C7,attwifi,,
1C:1D:86:9F:C6:B0,attwifi,33.42485398,-84.17816875
1C:1D:86:B6:70:F0,attwifi,33.42443125,-84.17762037
1C:1D:86:CF:1C:F0,attwifi,33.42485398,-84.17816875
1C:6F:65:A6:31:CC,NZ@McD1,,
1C:6F:65:A6:31:CC,attwifi,,
1C:6F:65:AA:D0:36,NZ@McD1,,
1C:6F:65:AA:D0:36,attwifi,,
1C:AF:F7:35:4D:BB,attwifi,34.06902063,-83.98398713
1C:B0:94:45:8F:D4,NZ@McD1,,
1C:B0:94:45:8F:D4,attwifi,,
20:02:AF:3E:45:24,NZ@McD1,,
20:02:AF:3E:45:24,attwifi,,
20:37:06:D4:6C:07,attwifi,34.47408993,-84.91913928
20:3A:07:18:20:E0,attwifi,29.15135809,-82.18492043
20:3A:07:19:E8:00,attwifi,28.47891979,-81.45700243
20:3A:07:1D:86:40,attwifi,28.47891866,-81.4570034
20:3A:07:32:0D:40,attwifi,28.47786677,-81.45744051
20:3A:07:32:16:10,attwifi,28.47892022,-81.4570005
20:3A:07:32:2E:40,attwifi,28.47881106,-81.45763012
20:3A:07:32:2E:90,attwifi,28.4789206,-81.45700066
20:3A:07:32:3D:90,attwifi,28.4789156,-81.45699577
20:3A:07:32:4A:30,attwifi,28.47863165,-81.45754387
20:3A:07:32:8E:80,attwifi,28.47870055,-81.4575482
20:3A:07:32:A6:D0,attwifi,28.47891987,-81.45700199
20:3A:07:32:D9:50,attwifi,28.47812244,-81.45744278
20:3A:07:32:ED:B0,attwifi,29.15267045,-82.18513916
20:3A:07:33:12:E0,attwifi,28.4793249,-81.4575014
20:3A:07:33:30:60,attwifi,28.47822426,-81.45743344
20:3A:07:33:51:10,attwifi,28.47865715,-81.45769026
20:3A:07:33:5B:80,attwifi,28.47670269,-81.45864378
20:3A:07:33:64:C0,attwifi,28.47781421,-81.45851629
20:3A:07:33:72:D0,attwifi,28.47895839,-81.45700111
20:3A:07:33:84:E0,attwifi,28.47920452,-81.45748032
20:3A:07:33:89:90,attwifi,28.47807196,-81.45742905
20:3A:07:33:8D:70,attwifi,28.47812244,-81.45744278
20:3A:07:33:8E:C0,attwifi,28.4793249,-81.4575014
20:3A:07:33:8F:40,attwifi,28.47781271,-81.45798331
20:3A:07:33:91:30,attwifi,28.47780429,-81.45775521
20:3A:07:33:93:90,attwifi,28.47920689,-81.4576797
20:3A:07:33:9A:40,attwifi,28.47782339,-81.45758468
20:3A:07:33:9B:80,attwifi,28.47864282,-81.45768321
20:3A:07:33:9C:10,attwifi,28.47892244,-81.45705452
20:3A:07:33:9C:80,attwifi,28.47892246,-81.4570545
20:3A:07:33:9D:80,attwifi,28.47891983,-81.45700001
20:3A:07:33:A4:E0,attwifi,28.47891867,-81.4570034
20:3A:07:33:AC:80,attwifi,28.47689466,-81.45865404
20:3A:07:33:B2:50,attwifi,28.47891875,-81.45700318
20:3A:07:33:B6:40,attwifi,29.15267045,-82.18513916
20:3A:07:33:C6:B0,attwifi,28.47782339,-81.45758468
20:3A:07:33:C7:B0,attwifi,28.47913831,-81.45768138
20:3A:07:33:CD:20,attwifi,28.47891491,-81.45697141
20:3A:07:38:5A:D0,attwifi,28.47891578,-81.4569958
20:3A:07:38:63:80,attwifi,29.15267045,-82.18513916
20:3A:07:7C:7D:10,attwifi,28.478908,-81.45696889
20:3A:07:7C:AC:D0,attwifi,28.47891772,-81.45699852
20:3A:07:7D:F0:B0,attwifi,28.47890479,-81.45697003
20:3A:07:96:2E:F0,attwifi,28.47939148,-81.45750118
20:3A:07:96:9F:00,attwifi,29.15267045,-82.18513916
20:3A:07:96:D8:80,attwifi,28.47912057,-81.4575295
20:3A:07:96:D9:90,attwifi,28.47890611,-81.4576455
20:3A:07:96:DA:20,attwifi,28.47913831,-81.45768138
20:3A:07:96:FF:B0,attwifi,28.47890611,-81.4576455
20:3A:07:97:12:60,attwifi,28.47891866,-81.4570034
20:3A:07:97:29:20,attwifi,28.47956067,-81.45760743
20:3A:07:97:29:40,attwifi,28.47891515,-81.456992
20:3A:07:97:29:D0,attwifi,28.47924672,-81.45753087
20:3A:07:97:2A:C0,attwifi,28.47902768,-81.4575269
20:3A:07:97:2B:00,attwifi,28.47779838,-81.45857593
20:3A:07:97:2B:90,attwifi,28.47947483,-81.45770093
20:3A:07:97:31:90,attwifi,28.47891904,-81.45700311
20:3A:07:97:8D:20,attwifi,28.47779951,-81.45765407
20:3A:07:97:93:C0,attwifi,28.47781421,-81.45851629
20:3A:07:97:95:70,attwifi,28.47891396,-81.45699153
20:3A:07:B6:07:90,attwifi,28.47891833,-81.45699893
20:3A:07:BA:A3:20,attwifi,28.47954105,-81.45760446
20:3A:07:BB:CE:70,attwifi,28.47779951,-81.45765407
20:3A:07:BB:D2:10,attwifi,28.47892228,-81.45705451
20:3A:07:E0:0A:40,attwifi,28.47913831,-81.45768138
20:3A:07:E0:D2:90,attwifi,28.47891641,-81.45699695
20:3A:07:E0:D8:40,attwifi,28.47861475,-81.4575791
20:3A:07:E0:DD:A0,attwifi,28.47861631,-81.4575496
20:4E:7F:5A:09:1F,NZ@McD1,,
20:4E:7F:5A:09:1F,attwifi,,
20:4E:7F:7E:6B:47,NZ@McD1,,
20:4E:7F:7E:6B:47,attwifi,,
20:AA:4B:33:89:81,NZ@McD1,,
20:AA:4B:33:89:81,attwifi,,
20:AA:4B:36:D3:86,NZ@McD1,,
20:AA:4B:36:D3:86,attwifi,,
20:BB:C0:1D:66:90,attwifi,35.02073373,-85.38142009
20:C9:D0:23:42:B5,NZ@McD1,,
20:C9:D0:23:42:B5,attwifi,,
20:CF:30:C6:4C:F4,wifine,,
20:CF:30:E3:39:C0,NZ@McD1,,
20:CF:30:E3:39:C0,attwifi,,
20:F3:A3:CD:AD:03,NZ@McD1,,
20:F3:A3:CD:AD:03,attwifi,,
24:01:C7:3A:28:10,attwifi,31.44759626,-83.53069325
24:01:C7:3A:42:00,attwifi,31.44917431,-83.53087568
24:01:C7:3A:4C:C0,attwifi,31.44917431,-83.53087568
24:01:C7:3B:6D:60,attwifi,31.44642046,-83.5301665
24:01:C7:3B:F5:C0,attwifi,31.44814544,-83.53061007
24:01:C7:76:70:C0,attwifi,31.44679653,-83.53012385
24:01:C7:90:03:50,attwifi,31.44885304,-83.53087928
24:01:C7:90:1B:20,attwifi,31.44854276,-83.53086262
24:01:C7:90:86:D0,attwifi,31.44790958,-83.53077178
24:B6:57:F9:FB:31,attwifi,28.37263814,-81.50931296
24:DE:C6:F6:A8:06,wifine,,
24:FD:52:0C:41:59,NZ@McD1,,
24:FD:52:0C:41:59,attwifi,,
28:10:7B:3C:2F:C1,NZ@McD1,,
28:10:7B:3C:2F:C1,attwifi,,
28:16:2E:DB:BB:21,NZ@McD1,,
28:16:2E:DB:BB:21,attwifi,,
28:28:5D:7F:C9:90,NZ@McD1,,
28:28:5D:7F:C9:90,attwifi,,
28:C6:8E:1D:7D:60,NZ@McD1,,
28:C6:8E:1D:7D:60,attwifi,,
2A:BE:19:DE:DD:6F,NZ@McD1,,
2A:BE:19:DE:DD:6F,attwifi,,
2C:B0:5D:38:EF:C4,NZ@McD1,,
2C:B0:5D:38:EF:C4,attwifi,,
2C:B0:5D:5E:07:7B,NZ@McD1,,
2C:B0:5D:5E:07:7B,attwifi,,
2C:B0:5D:97:84:CB,NZ@McD1,,
2C:B0:5D:97:84:CB,attwifi,,
2C:E4:12:8E:2D:D5,NZ@McD1,,
2C:E4:12:8E:2D:D5,attwifi,,
30:19:66:0A:95:F3,NZ@McD1,,
30:19:66:0A:95:F3,attwifi,,
30:39:26:20:15:F8,NZ@McD1,,
30:39:26:20:15:F8,attwifi,,
34:08:04:BF:69:8A,NZ@McD1,,
34:08:04:BF:69:8A,attwifi,,
34:08:04:BF:AC:8A,NZ@McD1,,
34:08:04:BF:AC:8A,attwifi,,
34:08:04:E3:46:CD,NZ@McD1,,
34:08:04:E3:46:CD,attwifi,,
34:15:9E:78:9D:25,wifine,,
34:4D:F7:5F:7E:6A,NZ@McD1,,
34:4D:F7:5F:7E:6A,attwifi,,
34:62:88:C8:9D:A0,attwifi,33.84121963,-84.30918073
34:62:88:C9:CD:80,attwifi,33.46164689,-84.20991993
34:6B:D3:7B:52:12,NZ@McD1,,
34:6B:D3:7B:52:12,attwifi,,
34:6F:90:2C:26:F1,attwifi,28.38650806,-81.49458194
34:6F:90:2C:2B:A1,attwifi,28.38653651,-81.49436382
34:6F:90:2C:33:21,attwifi,28.38653445,-81.49440874
34:6F:90:2E:2A:F1,attwifi,28.38653738,-81.49433563
34:6F:90:2E:32:71,attwifi,28.38658365,-81.49422192
34:A8:4E:1C:ED:90,attwifi,33.95735957,-84.01833001
34:AF:2C:45:28:E5,NZ@McD1,,
34:AF:2C:45:28:E5,attwifi,,
34:AF:2C:EA:DF:34,NZ@McD1,,
34:AF:2C:EA:DF:34,attwifi,,
34:BD:C8:AD:02:A0,attwifi,28.47782339,-81.45758468
34:BD:C8:B2:60:10,attwifi,28.47881106,-81.45763012
34:BD:C8:DA:B2:80,attwifi,28.47779951,-81.45765407
34:BD:C8:DA:CE:30,attwifi,28.47779951,-81.45765407
34:BD:C8:DB:6A:20,attwifi,28.47924672,-81.45753087
34:BD:C8:DB:79:00,attwifi,28.4789192,-81.45699959
34:BD:C8:DB:E2:D0,attwifi,28.47936692,-81.4577002
34:BD:C8:E3:45:C0,attwifi,28.47891744,-81.45699849
34:BD:C8:E3:DA:40,attwifi,28.47892002,-81.45700245
36:CC:20:11:F5:86,NZ@McD1,,
36:CC:20:11:F5:86,attwifi,,
38:2C:4A:AC:A8:20,NZ@McD1,,
38:2C:4A:AC:A8:20,attwifi,,
38:EA:A7:DE:58:1D,NZ@McD1,,
38:EA:A7:DE:58:1D,attwifi,,
3C:74:37:1B:44:77,wifine,,
3C:D9:2B:90:12:B4,wifine,,
3C:D9:2B:90:62:54,wifine,,
3C:D9:2B:91:08:93,wifine,,
3C:D9:2B:91:F7:D3,wifine,,
3C:D9:2B:92:64:E3,wifine,,
3C:D9:2B:92:64:F5,wifine,,
3C:D9:2B:92:74:75,wifine,,
3C:D9:2B:93:F0:F3,wifine,,
3C:D9:2B:96:0E:53,wifine,,
3C:D9:2B:96:0E:93,wifine,,
3C:D9:2B:96:BD:F3,wifine,,
3C:D9:2B:96:CD:73,wifine,,
3C:D9:2B:96:CD:B3,wifine,,
3C:D9:2B:96:DD:33,wifine,,
3C:D9:2B:96:DD:53,wifine,,
3C:D9:2B:96:ED:D3,wifine,,
3C:D9:2B:96:ED:F3,wifine,,
3C:D9:2B:97:25:B5,wifine,,
3C:D9:2B:97:A4:D5,wifine,,
3C:D9:2B:97:B4:F5,wifine,,
3E:6A:31:7E:75:E1,NZ@McD1,,
3E:6A:31:7E:75:E1,attwifi,,
40:4A:03:A4:31:3B,NZ@McD1,,
40:4A:03:A4:31:3B,attwifi,,
40:53:50:4F:4F:46,attwifi,,
40:A6:D9:0B:32:70,wifine,,
40:F3:08:32:E3:F0,NZ@McD1,,
40:F3:08:32:E3:F0,attwifi,,
44:6D:57:01:79:AA,NZ@McD1,,
44:6D:57:01:79:AA,attwifi,,
44:80:EB:44:98:C3,NZ@McD1,,
44:80:EB:44:98:C3,attwifi,,
44:80:EB:EE:DD:B3,NZ@McD1,,
44:80:EB:EE:DD:B3,attwifi,,
44:E4:D9:BC:D2:46,attwifi,33.46630432,-84.21160013
44:E4:D9:BC:D7:56,attwifi,33.46685499,-84.21207276
48:59:29:BE:77:CE,NZ@McD1,,
48:59:29:BE:77:CE,attwifi,,
48:5B:39:5C:E1:39,NZ@McD1,,
48:5B:39:5C:E1:39,attwifi,,
4C:80:93:44:AF:B1,NZ@McD1,,
4C:80:93:44:AF:B1,attwifi,,
4E:53:50:4F:4F:00,NZ@McD1,,
4E:53:50:4F:4F:00,attwifi,,
4E:53:50:4F:4F:00,attwifi,,
4E:53:50:4F:4F:01,NZ@McD1,,
4E:53:50:4F:4F:01,attwifi,,
4E:53:50:4F:4F:01,attwifi,,
4E:53:50:4F:4F:02,NZ@McD1,,
4E:53:50:4F:4F:02,attwifi,,
4E:53:50:4F:4F:02,attwifi,,
4E:53:50:4F:4F:03,NZ@McD1,,
4E:53:50:4F:4F:03,attwifi,,
4E:53:50:4F:4F:03,attwifi,,
4E:53:50:4F:4F:04,NZ@McD1,,
4E:53:50:4F:4F:04,attwifi,,
4E:53:50:4F:4F:04,attwifi,,
4E:53:50:4F:4F:05,NZ@McD1,,
4E:53:50:4F:4F:05,attwifi,,
4E:53:50:4F:4F:05,attwifi,,
4E:53:50:4F:4F:06,NZ@McD1,,
4E:53:50:4F:4F:06,attwifi,,
4E:53:50:4F:4F:06,attwifi,,
4E:53:50:4F:4F:07,NZ@McD1,,
4E:53:50:4F:4F:07,attwifi,,
4E:53:50:4F:4F:07,attwifi,,
4E:53:50:4F:4F:08,NZ@McD1,,
4E:53:50:4F:4F:08,attwifi,,
4E:53:50:4F:4F:08,attwifi,,
4E:53:50:4F:4F:09,NZ@McD1,,
4E:53:50:4F:4F:09,attwifi,,
4E:53:50:4F:4F:09,attwifi,,
4E:53:50:4F:4F:10,NZ@McD1,,
4E:53:50:4F:4F:10,attwifi,,
4E:53:50:4F:4F:10,attwifi,,
4E:53:50:4F:4F:11,NZ@McD1,,
4E:53:50:4F:4F:11,attwifi,,
4E:53:50:4F:4F:11,attwifi,,
4E:53:50:4F:4F:12,NZ@McD1,,
4E:53:50:4F:4F:12,attwifi,,
4E:53:50:4F:4F:12,attwifi,,
4E:53:50:4F:4F:13,NZ@McD1,,
4E:53:50:4F:4F:13,attwifi,,
4E:53:50:4F:4F:13,attwifi,,
4E:53:50:4F:4F:14,NZ@McD1,,
4E:53:50:4F:4F:14,attwifi,,
4E:53:50:4F:4F:14,attwifi,,
4E:53:50:4F:4F:15,NZ@McD1,,
4E:53:50:4F:4F:15,attwifi,,
4E:53:50:4F:4F:15,attwifi,,
4E:53:50:4F:4F:16,NZ@McD1,,
4E:53:50:4F:4F:16,attwifi,,
4E:53:50:4F:4F:16,attwifi,,
4E:53:50:4F:4F:17,NZ@McD1,,
4E:53:50:4F:4F:17,attwifi,,
4E:53:50:4F:4F:17,attwifi,,
4E:53:50:4F:4F:18,NZ@McD1,,
4E:53:50:4F:4F:18,attwifi,,
4E:53:50:4F:4F:18,attwifi,,
4E:53:50:4F:4F:19,NZ@McD1,,
4E:53:50:4F:4F:19,attwifi,,
4E:53:50:4F:4F:19,attwifi,,
4E:53:50:4F:4F:20,NZ@McD1,,
4E:53:50:4F:4F:20,attwifi,,
4E:53:50:4F:4F:20,attwifi,,
4E:53:50:4F:4F:21,NZ@McD1,,
4E:53:50:4F:4F:21,attwifi,,
4E:53:50:4F:4F:21,attwifi,,
4E:53:50:4F:4F:23,NZ@McD1,,
4E:53:50:4F:4F:23,attwifi,,
4E:53:50:4F:4F:23,attwifi,,
4E:53:50:4F:4F:24,NZ@McD1,,
4E:53:50:4F:4F:24,attwifi,,
4E:53:50:4F:4F:24,attwifi,,
4E:53:50:4F:4F:25,NZ@McD1,,
4E:53:50:4F:4F:25,attwifi,,
4E:53:50:4F:4F:25,attwifi,,
4E:53:50:4F:4F:26,NZ@McD1,,
4E:53:50:4F:4F:26,attwifi,,
4E:53:50:4F:4F:26,attwifi,,
4E:53:50:4F:4F:27,NZ@McD1,,
4E:53:50:4F:4F:27,attwifi,,
4E:53:50:4F:4F:27,attwifi,,
4E:53:50:4F:4F:28,NZ@McD1,,
4E:53:50:4F:4F:28,attwifi,,
4E:53:50:4F:4F:28,attwifi,,
4E:53:50:4F:4F:29,NZ@McD1,,
4E:53:50:4F:4F:29,attwifi,,
4E:53:50:4F:4F:29,attwifi,,
4E:53:50:4F:4F:30,NZ@McD1,,
4E:53:50:4F:4F:30,attwifi,,
4E:53:50:4F:4F:30,attwifi,,
4E:53:50:4F:4F:31,NZ@McD1,,
4E:53:50:4F:4F:31,attwifi,,
4E:53:50:4F:4F:31,attwifi,,
4E:53:50:4F:4F:32,NZ@McD1,,
4E:53:50:4F:4F:32,attwifi,,
4E:53:50:4F:4F:32,attwifi,,
4E:53:50:4F:4F:33,NZ@McD1,,
4E:53:50:4F:4F:33,attwifi,,
4E:53:50:4F:4F:33,attwifi,,
4E:53:50:4F:4F:34,NZ@McD1,,
4E:53:50:4F:4F:34,attwifi,,
4E:53:50:4F:4F:34,attwifi,,
4E:53:50:4F:4F:35,NZ@McD1,,
4E:53:50:4F:4F:35,attwifi,,
4E:53:50:4F:4F:35,attwifi,,
4E:53:50:4F:4F:36,NZ@McD1,,
4E:53:50:4F:4F:36,attwifi,,
4E:53:50:4F:4F:36,attwifi,,
4E:53:50:4F:4F:37,NZ@McD1,,
4E:53:50:4F:4F:37,attwifi,,
4E:53:50:4F:4F:37,attwifi,,
4E:53:50:4F:4F:38,NZ@McD1,,
4E:53:50:4F:4F:38,attwifi,,
4E:53:50:4F:4F:38,attwifi,,
4E:53:50:4F:4F:39,NZ@McD1,,
4E:53:50:4F:4F:39,attwifi,,
4E:53:50:4F:4F:39,attwifi,,
4E:53:50:4F:4F:40,NZ@McD1,,
4E:53:50:4F:4F:40,attwifi,,
4E:53:50:4F:4F:40,attwifi,,
4E:53:50:4F:4F:41,NZ@McD1,,
4E:53:50:4F:4F:41,attwifi,,
4E:53:50:4F:4F:41,attwifi,,
4E:53:50:4F:4F:42,NZ@McD1,,
4E:53:50:4F:4F:42,attwifi,,
4E:53:50:4F:4F:42,attwifi,,
4E:53:50:4F:4F:43,NZ@McD1,,
4E:53:50:4F:4F:43,attwifi,,
4E:53:50:4F:4F:43,attwifi,,
4E:53:50:4F:4F:44,NZ@McD1,,
4E:53:50:4F:4F:44,attwifi,,
4E:53:50:4F:4F:44,attwifi,,
4E:53:50:4F:4F:45,NZ@McD1,,
4E:53:50:4F:4F:45,attwifi,,
4E:53:50:4F:4F:45,attwifi,,
4E:53:50:4F:4F:46,NZ@McD1,,
4E:53:50:4F:4F:46,attwifi,,
4E:53:50:4F:4F:46,attwifi,,
4E:53:50:4F:4F:47,NZ@McD1,,
4E:53:50:4F:4F:47,attwifi,,
4E:53:50:4F:4F:47,attwifi,,
4E:53:50:4F:4F:48,NZ@McD1,,
4E:53:50:4F:4F:48,attwifi,,
4E:53:50:4F:4F:48,attwifi,,
4E:53:50:4F:4F:49,NZ@McD1,,
4E:53:50:4F:4F:49,attwifi,,
4E:53:50:4F:4F:49,attwifi,,
4E:53:50:4F:4F:4A,NZ@McD1,,
4E:53:50:4F:4F:4A,attwifi,,
4E:53:50:4F:4F:4A,attwifi,,
4E:53:50:4F:4F:4B,NZ@McD1,,
4E:53:50:4F:4F:4B,attwifi,,
4E:53:50:4F:4F:4B,attwifi,,
4E:53:50:4F:4F:4C,NZ@McD1,,
4E:53:50:4F:4F:4C,attwifi,,
4E:53:50:4F:4F:4C,attwifi,,
4E:53:50:4F:4F:4D,NZ@McD1,,
4E:53:50:4F:4F:4D,attwifi,,
4E:53:50:4F:4F:4D,attwifi,,
4E:53:50:4F:4F:4E,NZ@McD1,,
4E:53:50:4F:4F:4E,attwifi,,
4E:53:50:4F:4F:4E,attwifi,,
4E:53:50:4F:4F:4F,NZ@McD1,,
4E:53:50:4F:4F:4F,attwifi,,
4E:53:50:4F:4F:4F,attwifi,,
4E:53:50:4F:4F:50,NZ@McD1,,
4E:53:50:4F:4F:50,attwifi,,
4E:53:50:4F:4F:50,attwifi,,
4E:53:50:4F:4F:51,NZ@McD1,,
4E:53:50:4F:4F:51,attwifi,,
4E:53:50:4F:4F:51,attwifi,,
4E:53:50:4F:4F:52,NZ@McD1,,
4E:53:50:4F:4F:52,attwifi,,
4E:53:50:4F:4F:52,attwifi,,
4E:53:50:4F:4F:53,NZ@McD1,,
4E:53:50:4F:4F:53,attwifi,,
4E:53:50:4F:4F:53,attwifi,,
4E:53:50:4F:4F:54,NZ@McD1,,
4E:53:50:4F:4F:54,attwifi,,
4E:53:50:4F:4F:54,attwifi,,
4E:53:50:4F:4F:55,NZ@McD1,,
4E:53:50:4F:4F:55,attwifi,,
4E:53:50:4F:4F:55,attwifi,,
4E:53:50:4F:4F:56,NZ@McD1,,
4E:53:50:4F:4F:56,attwifi,,
4E:53:50:4F:4F:56,attwifi,,
4E:53:50:4F:4F:57,NZ@McD1,,
4E:53:50:4F:4F:57,attwifi,,
4E:53:50:4F:4F:57,attwifi,,
4E:53:50:4F:4F:58,NZ@McD1,,
4E:53:50:4F:4F:58,attwifi,,
4E:53:50:4F:4F:58,attwifi,,
4E:53:50:4F:4F:59,NZ@McD1,,
4E:53:50:4F:4F:59,attwifi,,
4E:53:50:4F:4F:59,attwifi,,
4E:53:50:4F:4F:60,NZ@McD1,,
4E:53:50:4F:4F:60,attwifi,,
4E:53:50:4F:4F:60,attwifi,,
4E:53:50:4F:4F:61,NZ@McD1,,
4E:53:50:4F:4F:61,attwifi,,
4E:53:50:4F:4F:61,attwifi,,
4E:53:50:4F:4F:62,NZ@McD1,,
4E:53:50:4F:4F:62,attwifi,,
4E:53:50:4F:4F:62,attwifi,,
4E:53:50:4F:4F:63,NZ@McD1,,
4E:53:50:4F:4F:63,attwifi,,
4E:53:50:4F:4F:63,attwifi,,
4E:53:50:4F:4F:64,NZ@McD1,,
4E:53:50:4F:4F:64,attwifi,,
4E:53:50:4F:4F:64,attwifi,,
4E:53:50:4F:4F:65,NZ@McD1,,
4E:53:50:4F:4F:65,attwifi,,
4E:53:50:4F:4F:65,attwifi,,
4E:53:50:4F:4F:66,NZ@McD1,,
4E:53:50:4F:4F:66,attwifi,,
4E:53:50:4F:4F:66,attwifi,,
4E:53:50:4F:4F:67,NZ@McD1,,
4E:53:50:4F:4F:67,attwifi,,
4E:53:50:4F:4F:67,attwifi,,
4E:53:50:4F:4F:68,NZ@McD1,,
4E:53:50:4F:4F:68,attwifi,,
4E:53:50:4F:4F:68,attwifi,,
4E:53:50:4F:4F:69,NZ@McD1,,
4E:53:50:4F:4F:69,attwifi,,
4E:53:50:4F:4F:69,attwifi,,
4E:53:50:4F:4F:70,NZ@McD1,,
4E:53:50:4F:4F:70,attwifi,,
4E:53:50:4F:4F:70,attwifi,,
4E:53:50:4F:4F:71,NZ@McD1,,
4E:53:50:4F:4F:71,attwifi,,
4E:53:50:4F:4F:71,attwifi,,
4E:53:50:4F:4F:72,NZ@McD1,,
4E:53:50:4F:4F:72,attwifi,,
4E:53:50:4F:4F:72,attwifi,,
4E:53:50:4F:4F:73,NZ@McD1,,
4E:53:50:4F:4F:73,attwifi,,
4E:53:50:4F:4F:73,attwifi,,
4E:53:50:4F:4F:75,NZ@McD1,,
4E:53:50:4F:4F:75,attwifi,,
4E:53:50:4F:4F:75,attwifi,,
4E:53:50:4F:4F:76,NZ@McD1,,
4E:53:50:4F:4F:76,attwifi,,
4E:53:50:4F:4F:76,attwifi,,
4E:53:50:4F:4F:77,NZ@McD1,,
4E:53:50:4F:4F:77,attwifi,,
4E:53:50:4F:4F:77,attwifi,,
4E:53:50:4F:4F:78,NZ@McD1,,
4E:53:50:4F:4F:78,attwifi,,
4E:53:50:4F:4F:78,attwifi,,
4E:53:50:4F:4F:79,NZ@McD1,,
4E:53:50:4F:4F:79,attwifi,,
4E:53:50:4F:4F:79,attwifi,,
4E:53:50:4F:4F:80,NZ@McD1,,
4E:53:50:4F:4F:80,attwifi,,
4E:53:50:4F:4F:80,attwifi,,
4E:53:50:4F:4F:81,NZ@McD1,,
4E:53:50:4F:4F:81,attwifi,,
4E:53:50:4F:4F:81,attwifi,,
4E:53:50:4F:4F:82,NZ@McD1,,
4E:53:50:4F:4F:82,attwifi,,
4E:53:50:4F:4F:82,attwifi,,
4E:53:50:4F:4F:83,NZ@McD1,,
4E:53:50:4F:4F:83,attwifi,,
4E:53:50:4F:4F:83,attwifi,,
4E:53:50:4F:4F:84,NZ@McD1,,
4E:53:50:4F:4F:84,attwifi,,
4E:53:50:4F:4F:84,attwifi,,
4E:53:50:4F:4F:85,NZ@McD1,,
4E:53:50:4F:4F:85,attwifi,,
4E:53:50:4F:4F:85,attwifi,,
4E:53:50:4F:4F:86,NZ@McD1,,
4E:53:50:4F:4F:86,attwifi,,
4E:53:50:4F:4F:86,attwifi,,
4E:53:50:4F:4F:87,NZ@McD1,,
4E:53:50:4F:4F:87,attwifi,,
4E:53:50:4F:4F:87,attwifi,,
4E:53:50:4F:4F:88,NZ@McD1,,
4E:53:50:4F:4F:88,attwifi,,
4E:53:50:4F:4F:88,attwifi,,
4E:53:50:4F:4F:89,NZ@McD1,,
4E:53:50:4F:4F:89,attwifi,,
4E:53:50:4F:4F:89,attwifi,,
4E:53:50:4F:4F:90,NZ@McD1,,
4E:53:50:4F:4F:90,attwifi,,
4E:53:50:4F:4F:90,attwifi,,
4E:53:50:4F:4F:91,NZ@McD1,,
4E:53:50:4F:4F:91,attwifi,,
4E:53:50:4F:4F:91,attwifi,,
4E:53:50:4F:4F:92,NZ@McD1,,
4E:53:50:4F:4F:92,attwifi,,
4E:53:50:4F:4F:92,attwifi,,
4E:53:50:4F:4F:92,attwifi,34.08756479,-83.89815037
4E:53:50:4F:4F:93,NZ@McD1,,
4E:53:50:4F:4F:93,attwifi,,
4E:53:50:4F:4F:93,attwifi,,
4E:53:50:4F:4F:94,NZ@McD1,,
4E:53:50:4F:4F:94,attwifi,,
4E:53:50:4F:4F:94,attwifi,,
4E:53:50:4F:4F:95,NZ@McD1,,
4E:53:50:4F:4F:95,attwifi,,
4E:53:50:4F:4F:95,attwifi,,
4E:53:50:4F:4F:96,NZ@McD1,,
4E:53:50:4F:4F:96,attwifi,,
4E:53:50:4F:4F:96,attwifi,,
4E:53:50:4F:4F:97,NZ@McD1,,
4E:53:50:4F:4F:97,attwifi,,
4E:53:50:4F:4F:97,attwifi,,
4E:53:50:4F:4F:98,NZ@McD1,,
4E:53:50:4F:4F:98,attwifi,,
4E:53:50:4F:4F:98,attwifi,,
4E:53:50:4F:4F:99,NZ@McD1,,
4E:53:50:4F:4F:99,attwifi,,
4E:53:50:4F:4F:99,attwifi,,
4E:53:50:4F:4F:99,attwifi,34.08772661,-83.89807158
50:06:04:2A:0A:61,attwifi,28.37465906,-81.50261497
50:2E:5C:39:64:00,NZ@McD1,,
50:2E:5C:39:64:00,attwifi,,
50:67:F0:0F:DD:C9,NZ@McD1,,
50:67:F0:0F:DD:C9,attwifi,,
50:CC:F8:65:33:1F,NZ@McD1,,
50:CC:F8:65:33:1F,attwifi,,
54:04:A6:D3:36:E2,NZ@McD1,,
54:04:A6:D3:36:E2,attwifi,,
54:A0:50:EF:BA:8C,NZ@McD1,,
54:A0:50:EF:BA:8C,attwifi,,
54:E6:FC:A2:F1:E6,NZ@McD1,,
54:E6:FC:A2:F1:E6,attwifi,,
58:6D:8F:4A:E6:B0,NZ@McD1,,
58:6D:8F:4A:E6:B0,attwifi,,
5C:0E:8B:33:22:B3,wifine,,
5C:0E:8B:B3:5D:51,wifine,,
5C:0E:8B:B3:66:21,wifine,,
5C:0E:8B:B3:77:B1,wifine,,
5C:0E:8B:B3:97:C1,wifine,,
5C:0E:8B:B5:07:41,wifine,,
5C:0E:8B:B5:07:51,wifine,,
5C:0E:8B:C9:17:11,wifine,,
5C:0E:8B:CA:1C:B1,wifine,,
5C:0E:8B:CA:73:C1,wifine,,
5C:0E:8B:CA:A7:21,wifine,,
5C:0E:8B:CA:C5:81,wifine,,
5C:0E:8B:CA:FD:63,wifine,,
5C:0E:8B:CB:05:41,wifine,,
5C:50:15:C9:7A:80,attwifi,28.47885069,-81.45755121
5C:50:15:C9:E9:60,attwifi,28.47891759,-81.45699849
5C:50:15:E5:29:10,attwifi,28.47868274,-81.45758524
5E:7F:38:59:DA:FB,NZ@McD1,,
5E:7F:38:59:DA:FB,attwifi,,
60:2A:D0:7F:87:C6,NZ@McD1,,
60:2A:D0:7F:87:C6,attwifi,,
60:2A:D0:88:B6:84,NZ@McD1,,
60:2A:D0:88:B6:84,attwifi,,
60:36:DD:7E:05:B8,NZ@McD1,,
60:36:DD:7E:05:B8,attwifi,,
60:D9:C7:CB:4D:E5,NZ@McD1,,
60:D9:C7:CB:4D:E5,attwifi,,
62:36:DD:7E:05:B9,NZ@McD1,,
62:36:DD:7E:05:B9,attwifi,,
64:1C:67:5A:E3:B6,NZ@McD1,,
64:1C:67:5A:E3:B6,attwifi,,
64:31:50:E9:5D:73,wifine,,
64:31:50:E9:6D:55,wifine,,
64:31:50:E9:7A:E3,wifine,,
64:31:50:E9:7A:F3,wifine,,
64:31:50:E9:91:83,wifine,,
64:31:50:E9:91:95,wifine,,
64:31:50:E9:AF:13,wifine,,
64:31:50:EB:75:35,wifine,,
64:31:50:EB:8F:35,wifine,,
64:31:50:EB:8F:B5,wifine,,
64:31:50:EC:00:55,wifine,,
64:31:50:EC:07:93,wifine,,
64:31:50:EC:07:B5,wifine,,
64:31:50:EC:57:B5,wifine,,
64:31:50:EC:CF:F3,wifine,,
64:31:50:EC:DF:15,wifine,,
64:31:50:EC:DF:55,wifine,,
64:31:50:EC:DF:63,wifine,,
64:31:50:EC:DF:73,wifine,,
64:31:50:EC:EF:D5,wifine,,
64:31:50:EC:FF:13,wifine,,
64:31:50:EC:FF:F5,wifine,,
64:31:50:ED:00:75,wifine,,
64:31:50:ED:00:E3,wifine,,
64:31:50:ED:00:F3,wifine,,
64:31:50:ED:20:15,wifine,,
64:31:50:ED:20:93,wifine,,
64:31:50:ED:30:15,wifine,,
64:31:50:ED:8C:92,wifine,,
64:31:50:ED:8C:C2,wifine,,
64:31:50:ED:8C:D2,wifine,,
64:31:50:ED:9C:B3,wifine,,
64:31:50:ED:9C:D2,wifine,,
64:31:50:ED:9C:F4,wifine,,
64:31:50:ED:AC:32,wifine,,
64:31:50:ED:AC:83,wifine,,
64:31:50:ED:AC:95,wifine,,
64:31:50:ED:AC:B5,wifine,,
64:31:50:ED:BC:21,wifine,,
64:31:50:ED:BC:32,wifine,,
64:31:50:ED:BC:D3,wifine,,
64:31:50:ED:CC:55,wifine,,
64:31:50:ED:CC:63,wifine,,
64:31:50:ED:CC:75,wifine,,
64:31:50:ED:CC:A3,wifine,,
64:31:50:ED:CC:B5,wifine,,
64:31:50:ED:E4:35,wifine,,
64:31:50:EF:7F:52,wifine,,
64:31:50:EF:7F:63,wifine,,
64:31:50:EF:7F:73,wifine,,
64:31:50:EF:AF:53,wifine,,
64:31:50:EF:AF:F5,wifine,,
64:31:50:EF:BF:B3,wifine,,
64:31:50:EF:CF:03,wifine,,
64:31:50:EF:CF:13,wifine,,
64:31:50:EF:CF:C3,wifine,,
64:31:50:EF:CF:D5,wifine,,
64:31:50:F0:15:15,wifine,,
64:31:50:F0:15:E3,wifine,,
64:31:50:F0:15:F3,wifine,,
64:31:50:F0:37:D5,wifine,,
64:31:50:F0:57:35,wifine,,
64:31:50:F0:5D:D5,wifine,,
64:31:50:F0:67:A3,wifine,,
64:31:50:F0:67:B3,wifine,,
64:31:50:F0:77:43,wifine,,
64:31:50:F0:77:53,wifine,,
64:31:50:F0:77:A3,wifine,,
64:31:50:F0:77:B5,wifine,,
64:31:50:F0:77:F5,wifine,,
64:31:50:F0:87:35,wifine,,
64:31:50:F0:97:35,wifine,,
64:31:50:F0:97:43,wifine,,
64:31:50:F0:97:55,wifine,,
64:31:50:F0:97:F3,wifine,,
64:31:50:F0:A7:95,wifine,,
64:31:50:F0:B7:D5,wifine,,
64:31:50:F0:C7:95,wifine,,
64:31:50:F2:22:55,wifine,,
64:31:50:F2:82:15,wifine,,
64:66:B3:68:C0:49,NZ@McD1,,
64:66:B3:68:C0:49,attwifi,,
64:70:02:D7:C7:F3,NZ@McD1,,
64:70:02:D7:C7:F3,attwifi,,
64:A0:E7:5C:33:A6,attwifi,31.95759899,-83.751236
64:A0:E7:5C:36:B6,attwifi,31.95759899,-83.751236
64:A0:E7:5C:47:46,attwifi,31.95728739,-83.75118618
64:A0:E7:5C:47:D6,attwifi,31.95790931,-83.75128465
64:A0:E7:5C:59:56,attwifi,31.95976318,-83.75158863
64:A0:E7:5C:59:59,attwifi,31.96254459,-83.75202796
64:A0:E7:5E:3E:C6,attwifi,31.95976318,-83.75158863
64:A0:E7:5E:49:36,attwifi,31.95759899,-83.751236
64:A0:E7:90:97:27,attwifi,33.56564344,-84.32148341
64:AE:0C:65:6A:A7,attwifi,34.07203089,-83.91462086
64:AE:0C:65:6A:A8,attwifi,34.07202092,-83.9146052
64:AE:0C:C5:A8:47,attwifi,34.07201708,-83.9145982
64:B9:E8:6C:43:93,wifine,,
64:D9:89:6A:82:77,attwifi,33.96793289,-84.01557412
68:17:29:A1:AE:C8,NZ@McD1,,
68:17:29:A1:AE:C8,attwifi,,
68:1C:A2:00:BE:91,NZ@McD1,,
68:1C:A2:00:BE:91,attwifi,,
68:7F:74:77:AC:89,NZ@McD1,,
68:7F:74:77:AC:89,attwifi,,
68:7F:74:C6:9A:1F,NZ@McD1,,
68:7F:74:C6:9A:1F,attwifi,,
68:7F:74:C6:9A:21,NZ@McD1,,
68:7F:74:C6:9A:21,attwifi,,
68:7F:74:C6:9A:22,NZ@McD1,,
68:7F:74:C6:9A:22,attwifi,,
68:BC:0C:06:83:37,attwifi,29.15455247,-82.18510919
68:BC:0C:0A:4C:D7,attwifi,29.65730163,-82.41700067
6C:2F:2C:15:9E:CA,NZ@McD1,,
6C:2F:2C:15:9E:CA,attwifi,,
6C:71:D9:54:4E:87,NZ@McD1,,
6C:71:D9:54:4E:87,attwifi,,
6C:B7:F4:B5:78:F2,NZ@McD1,,
6C:B7:F4:B5:78:F2,attwifi,,
6C:F3:7F:35:9A:92,wifine,,
6C:F3:7F:35:9A:9A,wifine,,
6C:F3:7F:80:A7:D2,wifine,,
6C:F3:7F:83:77:52,wifine,,
6C:F3:7F:83:79:62,wifine,,
6C:F3:7F:83:87:E3,wifine,,
6C:F3:7F:83:88:53,wifine,,
6C:F3:7F:83:88:E3,wifine,,
6C:F3:7F:83:89:42,wifine,,
6C:F3:7F:83:89:63,wifine,,
6C:F3:7F:83:89:83,wifine,,
6C:F3:7F:83:89:93,wifine,,
6C:F3:7F:83:8D:23,wifine,,
6C:F3:7F:83:8D:92,wifine,,
6C:F3:7F:83:8D:C2,wifine,,
6C:F3:7F:83:8F:91,wifine,,
6C:F3:7F:83:93:32,wifine,,
6C:F3:7F:83:96:B3,wifine,,
6C:F3:7F:83:96:C4,wifine,,
6C:F3:7F:83:98:B3,wifine,,
6C:F3:7F:83:E5:D3,wifine,,
6C:F3:7F:83:E6:C0,wifine,,
6C:F3:7F:83:E7:83,wifine,,
6C:F3:7F:83:E8:53,wifine,,
6C:F3:7F:84:53:C3,wifine,,
6C:F3:7F:84:75:03,wifine,,
6C:F3:7F:84:77:73,wifine,,
6C:F3:7F:84:7C:F3,wifine,,
6C:F3:7F:84:7F:31,wifine,,
6C:F3:7F:84:80:02,wifine,,
6C:F3:7F:84:81:32,wifine,,
6C:F3:7F:84:82:92,wifine,,
6C:F3:7F:84:82:C2,wifine,,
6C:F3:7F:84:83:52,wifine,,
6C:F3:7F:84:85:43,wifine,,
6C:F3:7F:89:30:32,wifine,,
6C:F3:7F:89:32:52,wifine,,
6C:F3:7F:89:32:F2,wifine,,
6C:F3:7F:89:32:F9,wifine,,
6C:F3:7F:89:33:02,wifine,,
6C:F3:7F:89:33:09,wifine,,
6C:F3:7F:89:34:42,wifine,,
6C:F3:7F:89:EA:B3,wifine,,
6C:F3:7F:89:EA:D3,wifine,,
6C:F3:7F:89:EB:03,wifine,,
6C:F3:7F:89:EB:22,wifine,,
6C:F3:7F:89:EB:2A,wifine,,
6C:F3:7F:89:EB:52,wifine,,
6C:F3:7F:89:EB:73,wifine,,
6C:F3:7F:89:ED:E2,wifine,,
6C:F3:7F:89:EE:43,wifine,,
6C:F3:7F:89:EE:4B,wifine,,
6C:F3:7F:89:EE:52,wifine,,
6C:F3:7F:89:EE:62,wifine,,
6C:F3:7F:89:EE:6A,wifine,,
6C:F3:7F:89:EF:B2,wifine,,
6C:F3:7F:89:F0:E2,wifine,,
6C:F3:7F:89:FC:F2,wifine,,
6C:F3:7F:89:FC:FA,wifine,,
6C:F3:7F:8A:12:63,wifine,,
6C:F3:7F:8A:13:13,wifine,,
6C:F3:7F:8A:13:33,wifine,,
6C:F3:7F:8A:13:43,wifine,,
6C:F3:7F:8A:13:4B,wifine,,
6C:F3:7F:8A:16:A3,wifine,,
6C:F3:7F:8A:16:D3,wifine,,
6C:F3:7F:8A:16:DB,wifine,,
6C:F3:7F:8A:17:03,wifine,,
6C:F3:7F:8A:18:13,wifine,,
6C:F3:7F:8A:18:63,wifine,,
6C:F3:7F:8A:19:73,wifine,,
6C:F3:7F:90:22:71,wifine,,
6C:F3:7F:90:23:C0,wifine,,
6C:F3:7F:90:25:60,wifine,,
6C:F3:7F:90:28:31,wifine,,
6C:F3:7F:90:2B:01,wifine,,
6C:F3:7F:90:2B:09,wifine,,
6C:F3:7F:90:39:41,wifine,,
6C:F3:7F:90:39:49,wifine,,
6C:F3:7F:97:D7:91,wifine,,
6C:F3:7F:97:D7:99,wifine,,
6C:F3:7F:97:D7:E1,wifine,,
6C:F3:7F:97:D7:E9,wifine,,
6C:F3:7F:97:D9:40,wifine,,
6C:F3:7F:97:D9:90,wifine,,
6C:F3:7F:97:E4:51,wifine,,
6C:F3:7F:97:E4:59,wifine,,
6C:F3:7F:97:E9:B1,wifine,,
6C:F3:7F:97:EA:E2,wifine,,
6C:F3:7F:97:EB:92,wifine,,
6C:F3:7F:97:EB:B2,wifine,,
6C:F3:7F:97:EB:D1,wifine,,
6C:F3:7F:97:EE:41,wifine,,
6C:F3:7F:97:EE:A1,wifine,,
6C:F3:7F:97:F4:72,wifine,,
6C:F3:7F:97:F6:D1,wifine,,
6C:F3:7F:97:F9:B1,wifine,,
6C:F3:7F:98:13:41,wifine,,
6C:F3:7F:98:14:52,wifine,,
6C:F3:7F:98:1F:33,wifine,,
6C:F3:7F:98:20:03,wifine,,
6C:F3:7F:98:23:70,wifine,,
6C:F3:7F:98:24:A0,wifine,,
6C:F3:7F:98:25:02,wifine,,
6C:F3:7F:98:26:F2,wifine,,
6C:F3:7F:98:28:00,wifine,,
6C:F3:7F:98:28:63,wifine,,
6C:F3:7F:98:29:B0,wifine,,
6C:F3:7F:98:2A:80,wifine,,
6C:F3:7F:98:2A:E3,wifine,,
6C:F3:7F:98:2A:EA,wifine,,
6C:F3:7F:98:2B:E0,wifine,,
6C:F3:7F:98:2D:50,wifine,,
6C:F3:7F:98:2E:C3,wifine,,
6C:FA:89:E2:AF:C0,attwifi,28.46805878,-81.46303122
70:71:BC:2A:5D:04,NZ@McD1,,
70:71:BC:2A:5D:04,attwifi,,
70:F1:A1:03:6B:9A,NZ@McD1,,
70:F1:A1:03:6B:9A,attwifi,,
74:44:01:85:1D:FE,NZ@McD1,,
74:44:01:85:1D:FE,attwifi,,
74:D0:2B:A7:F7:8E,NZ@McD1,,
74:D0:2B:A7:F7:8E,attwifi,,
74:D4:35:91:82:95,NZ@McD1,,
74:D4:35:91:82:95,attwifi,,
74:EA:3A:A4:E0:EA,wifine,,
74:EA:3A:CA:C0:EC,NZ@McD1,,
74:EA:3A:CA:C0:EC,attwifi,,
74:EA:3A:EF:90:86,NZ@McD1,,
74:EA:3A:EF:90:86,attwifi,,
74:F6:12:C9:28:3B,NZ@McD1,,
74:F6:12:C9:28:3B,attwifi,,
78:59:5E:6F:E3:6A,NZ@McD1,,
78:59:5E:6F:E3:6A,attwifi,,
78:92:9C:0C:A1:81,NZ@McD1,,
78:92:9C:0C:A1:81,attwifi,,
7C:61:93:07:6C:25,NZ@McD1,,
7C:61:93:07:6C:25,attwifi,,
80:37:73:BE:76:06,NZ@McD1,,
80:37:73:BE:76:06,attwifi,,
80:BE:05:21:29:43,NZ@McD1,,
80:BE:05:21:29:43,attwifi,,
84:00:D2:B2:51:F1,NZ@McD1,,
84:00:D2:B2:51:F1,attwifi,,
84:1B:5E:69:AB:C8,wifine,,
84:25:DB:6D:D8:5D,NZ@McD1,,
84:25:DB:6D:D8:5D,attwifi,,
84:74:2A:02:52:0B,NZ@McD1,,
84:74:2A:02:52:0B,attwifi,,
84:A8:E4:11:43:28,NZ@McD1,,
84:A8:E4:11:43:28,attwifi,,
84:C9:B2:DA:DC:1A,NZ@McD1,,
84:C9:B2:DA:DC:1A,attwifi,,
84:C9:B2:E2:94:B5,NZ@McD1,,
84:C9:B2:E2:94:B5,attwifi,,
88:1F:A1:36:22:E2,wifine,,
88:30:8A:39:8A:C1,NZ@McD1,,
88:30:8A:39:8A:C1,attwifi,,
88:30:8A:5C:0B:73,NZ@McD1,,
88:30:8A:5C:0B:73,attwifi,,
88:30:8A:64:99:5D,NZ@McD1,,
88:30:8A:64:99:5D,attwifi,,
88:30:8A:F9:1B:B6,NZ@McD1,,
88:30:8A:F9:1B:B6,attwifi,,
88:32:9B:36:95:F2,NZ@McD1,,
88:32:9B:36:95:F2,attwifi,,
88:32:9B:98:1F:31,NZ@McD1,,
88:32:9B:98:1F:31,attwifi,,
88:32:9B:C3:29:34,NZ@McD1,,
88:32:9B:C3:29:34,attwifi,,
88:44:F6:26:12:8C,NZ@McD1,,
88:44:F6:26:12:8C,attwifi,,
88:53:2E:0B:74:5E,NZ@McD1,,
88:53:2E:0B:74:5E,attwifi,,
88:75:56:00:26:A0,attwifi,28.47952739,-81.4576167
88:75:56:00:B2:00,attwifi,28.47950591,-81.45748658
88:75:56:01:D5:90,attwifi,28.47863977,-81.45768971
88:75:56:01:EE:30,attwifi,28.47782339,-81.45758468
88:75:56:01:F6:80,attwifi,28.47891826,-81.45699856
88:75:56:01:FC:50,attwifi,-81.45705456,28.47892229
88:75:56:01:FC:50,attwifi,28.47892229,-81.45705456
88:75:56:15:36:30,attwifi,28.47779838,-81.45857593
88:75:56:3A:04:C0,attwifi,28.47863053,-81.45760308
88:75:56:3B:0A:00,attwifi,28.47782339,-81.45758468
88:75:56:3B:3F:20,attwifi,28.47861621,-81.45757459
88:75:56:3B:B8:80,attwifi,28.47951684,-81.4576856
88:75:56:3B:C7:50,attwifi,28.47942927,-81.45770555
88:75:56:3B:D4:30,attwifi,28.47779951,-81.45765407
88:75:56:6E:96:00,attwifi,28.47872852,-81.45762568
88:75:56:A1:BE:C0,attwifi,28.47892246,-81.4570545
88:75:56:DB:25:A0,attwifi,28.47920429,-81.4575295
8C:3A:E3:6E:E1:CA,NZ@McD1,,
8C:3A:E3:6E:E1:CA,attwifi,,
8C:89:A5:32:EB:50,NZ@McD1,,
8C:89:A5:32:EB:50,attwifi,,
8C:A9:82:1F:2C:EE,NZ@McD1,,
8C:A9:82:1F:2C:EE,attwifi,,
90:18:7C:1E:C5:75,NZ@McD1,,
90:18:7C:1E:C5:75,attwifi,,
90:18:7C:89:30:16,NZ@McD1,,
90:18:7C:89:30:16,attwifi,,
90:6F:52:6F:6E:C2,NZ@McD1,,
90:6F:52:6F:6E:C2,attwifi,,
90:94:E4:A9:EF:CE,NZ@McD1,,
90:94:E4:A9:EF:CE,attwifi,,
90:F6:52:D0:BE:A2,NZ@McD1,,
90:F6:52:D0:BE:A2,attwifi,,
94:10:3E:03:16:0F,NZ@McD1,,
94:10:3E:03:16:0F,attwifi,,
98:2C:BE:05:63:C9,NZ@McD1,,
98:2C:BE:05:63:C9,attwifi,,
98:2C:BE:DA:65:C8,NZ@McD1,,
98:2C:BE:DA:65:C8,attwifi,,
98:52:B1:B3:90:59,NZ@McD1,,
98:52:B1:B3:90:59,attwifi,,
98:F5:37:51:C8:3B,wifine,,
98:F5:37:79:68:59,NZ@McD1,,
98:F5:37:79:68:59,attwifi,,
9C:04:EB:04:7D:7C,NZ@McD1,,
9C:04:EB:04:7D:7C,attwifi,,
9C:1C:12:30:73:00,attwifi,33.90378171,-84.11642897
9C:1C:12:30:73:10,attwifi,33.90378171,-84.11642897
9C:2A:70:7F:FD:A4,NZ@McD1,,
9C:2A:70:7F:FD:A4,attwifi,,
9C:B7:0D;6A:4F:CA,NZ@McD1,,
9C:B7:0D;6A:4F:CA,attwifi,,
9C:C7:A6:1F:8F:3D,NZ@McD1,,
9C:C7:A6:1F:8F:3D,attwifi,,
9C:D2:1E:85:38:AB,NZ@McD1,,
9C:D2:1E:85:38:AB,attwifi,,
9C:D3:6D:9C:89:08,NZ@McD1,,
9C:D3:6D:9C:89:08,attwifi,,
9C:D3:6D:B7:67:40,NZ@McD1,,
9C:D3:6D:B7:67:40,attwifi,,
9C:D3:6D:FF:75:51,NZ@McD1,,
9C:D3:6D:FF:75:51,attwifi,,
9C:D6:43:C4:E3:40,NZ@McD1,,
9C:D6:43:C4:E3:40,attwifi,,
9C:E6:35:0E:66:A9,NZ@McD1,,
9C:E6:35:0E:66:A9,attwifi,,
9C:E6:35:D9:33:CB,NZ@McD1,,
9C:E6:35:D9:33:CB,attwifi,,
9C:E6:35:F0:AA:6A,NZ@McD1,,
9C:E6:35:F0:AA:6A,attwifi,,
9C:E6:E7:D3:78:00,NZ@McD1,,
9C:E6:E7:D3:78:00,attwifi,,
A4:B1:E9:E9:84:BD,NZ@McD1,,
A4:B1:E9:E9:84:BD,attwifi,,
A4:C0:E1:69:0A:F8,NZ@McD1,,
A4:C0:E1:69:0A:F8,attwifi,,
A6:F3:C1:0B:C6:7E,NZ@McD1,,
A6:F3:C1:0B:C6:7E,attwifi,,
A8:A6:68:7B:D6:41,NZ@McD1,,
A8:A6:68:7B:D6:41,attwifi,,
AC:81:12:56:41:2D,NZ@McD1,,
AC:81:12:56:41:2D,attwifi,,
B0:48:7A:C3:47:A4,wifine,,
B4:52:7E:45:4F:E7,NZ@McD1,,
B4:52:7E:45:4F:E7,attwifi,,
B4:62:93:65:CC:F2,NZ@McD1,,
B4:62:93:65:CC:F2,attwifi,,
B4:75:0E:F1:52:AE,NZ@McD1,,
B4:75:0E:F1:52:AE,attwifi,,
B4:98:42:ED:FF:6B,NZ@McD1,,
B4:98:42:ED:FF:6B,attwifi,,
B4:C7:99:03:20:82,wifine,,
B4:C7:99:03:32:52,wifine,,
B4:C7:99:03:33:C2,wifine,,
B4:C7:99:04:9F:80,wifine,,
B4:C7:99:04:A3:C2,wifine,,
B4:C7:99:04:A4:B4,wifine,,
B4:C7:99:04:A7:80,wifine,,
B4:C7:99:04:AC:D3,wifine,,
B4:C7:99:04:B0:24,wifine,,
B4:C7:99:04:D4:62,wifine,,
B4:C7:99:04:E0:12,wifine,,
B4:C7:99:04:FB:72,wifine,,
B4:C7:99:04:FB:B2,wifine,,
B4:C7:99:04:FC:62,wifine,,
B4:C7:99:05:6E:A2,wifine,,
B4:C7:99:05:71:43,wifine,,
B4:C7:99:05:81:71,wifine,,
B4:C7:99:06:84:B0,wifine,,
B4:C7:99:06:84:E0,wifine,,
B4:C7:99:06:E0:F2,wifine,,
B4:C7:99:07:34:22,wifine,,
B4:C7:99:07:7A:E2,wifine,,
B4:C7:99:07:7D:A2,wifine,,
B4:C7:99:07:87:C1,wifine,,
B4:C7:99:07:8F:31,wifine,,
B4:C7:99:07:92:E1,wifine,,
B4:C7:99:07:9A:D2,wifine,,
B4:C7:99:07:C5:20,wifine,,
B4:C7:99:07:C7:20,wifine,,
B4:C7:99:08:63:71,wifine,,
B4:C7:99:08:D1:72,wifine,,
B4:C7:99:08:F9:02,wifine,,
B4:C7:99:09:41:52,wifine,,
B4:C7:99:0D:13:44,wifine,,
B4:C7:99:0D:14:44,wifine,,
B4:C7:99:0D:80:F3,wifine,,
B4:C7:99:0D:81:23,wifine,,
B4:C7:99:0D:83:53,wifine,,
B4:C7:99:0D:83:63,wifine,,
B4:C7:99:0D:84:13,wifine,,
B4:C7:99:0D:A4:93,wifine,,
B4:C7:99:0D:A6:13,wifine,,
B4:C7:99:0D:C2:C3,wifine,,
B4:C7:99:0D:C2:D3,wifine,,
B4:C7:99:0D:E8:52,wifine,,
B4:C7:99:0D:FF:F3,wifine,,
B4:C7:99:0E:01:72,wifine,,
B4:C7:99:0E:37:F3,wifine,,
B4:C7:99:0E:38:13,wifine,,
B4:C7:99:0E:A5:B3,wifine,,
B4:C7:99:10:0B:34,wifine,,
B4:C7:99:10:0C:34,wifine,,
B4:C7:99:10:0D:53,wifine,,
B4:C7:99:10:0D:A4,wifine,,
B4:C7:99:10:0E:23,wifine,,
B4:C7:99:10:B2:83,wifine,,
B4:C7:99:11:E0:33,wifine,,
B4:C7:99:11:FA:63,wifine,,
B4:C7:99:12:A1:33,wifine,,
B4:C7:99:12:A5:93,wifine,,
B4:C7:99:12:A5:B3,wifine,,
B4:C7:99:12:AF:13,wifine,,
B4:C7:99:12:AF:23,wifine,,
B4:C7:99:12:B5:23,wifine,,
B4:C7:99:12:B5:43,wifine,,
B4:C7:99:12:BD:C3,wifine,,
B4:C7:99:12:FF:63,wifine,,
B4:C7:99:13:09:C3,wifine,,
B4:C7:99:13:40:43,wifine,,
B4:C7:99:13:44:03,wifine,,
B4:C7:99:13:44:93,wifine,,
B4:C7:99:13:4C:43,wifine,,
B4:C7:99:13:4D:13,wifine,,
B4:C7:99:13:67:13,wifine,,
B4:C7:99:13:69:13,wifine,,
B4:C7:99:15:FB:33,wifine,,
B4:C7:99:16:3A:B2,wifine,,
B4:C7:99:16:3D:31,wifine,,
B4:C7:99:16:3E:73,wifine,,
B4:C7:99:16:3F:D3,wifine,,
B4:C7:99:16:44:B3,wifine,,
B4:C7:99:16:50:D2,wifine,,
B4:C7:99:16:54:50,wifine,,
B4:C7:99:16:5A:01,wifine,,
B4:C7:99:16:A5:F2,wifine,,
B4:C7:99:16:BA:40,wifine,,
B4:C7:99:16:BD:83,wifine,,
B4:C7:99:16:CA:02,wifine,,
B4:C7:99:16:CB:A2,wifine,,
B4:C7:99:16:CC:C0,wifine,,
B4:C7:99:16:CF:E2,wifine,,
B4:C7:99:16:D6:72,wifine,,
B4:C7:99:16:DA:30,wifine,,
B4:C7:99:17:D5:33,wifine,,
B4:C7:99:17:E4:F3,wifine,,
B4:C7:99:18:C9:13,wifine,,
B4:C7:99:1A:0D:63,wifine,,
B4:C7:99:1A:1B:D3,wifine,,
B4:C7:99:69:7E:14,attwifi,30.82742409,-83.32175895
B4:C7:99:79:F5:61,wifine,,
B4:C7:99:80:55:E1,wifine,,
B4:C7:99:80:66:B2,wifine,,
B4:C7:99:80:67:E2,wifine,,
B4:C7:99:80:90:E2,wifine,,
B4:C7:99:80:A1:03,wifine,,
B4:C7:99:80:A3:43,wifine,,
B4:C7:99:80:A4:03,wifine,,
B4:C7:99:80:AD:43,wifine,,
B4:C7:99:80:D1:B3,wifine,,
B4:C7:99:81:3B:03,wifine,,
B4:C7:99:81:3D:33,wifine,,
B4:C7:99:81:71:B1,wifine,,
B4:C7:99:81:72:91,wifine,,
B4:C7:99:82:44:53,wifine,,
B4:C7:99:82:56:A1,wifine,,
B4:C7:99:82:57:71,wifine,,
B4:C7:99:82:92:82,wifine,,
B4:C7:99:82:97:25,wifine,,
B4:C7:99:83:3E:E2,wifine,,
B4:C7:99:87:81:41,wifine,,
B4:C7:99:88:06:F3,wifine,,
B4:C7:99:88:16:63,wifine,,
B4:C7:99:88:17:13,wifine,,
B4:C7:99:88:1A:11,wifine,,
B4:C7:99:88:35:91,wifine,,
B4:C7:99:89:9C:D2,wifine,,
B4:C7:99:89:A1:21,wifine,,
B4:C7:99:89:AD:33,wifine,,
B4:C7:99:89:AD:93,wifine,,
B4:C7:99:89:AD:E3,wifine,,
B4:C7:99:89:B2:92,wifine,,
B4:C7:99:8C:79:83,wifine,,
B4:C7:99:8C:7C:A2,wifine,,
B4:C7:99:8C:EA:23,wifine,,
B4:C7:99:8D:05:E2,wifine,,
B4:C7:99:8D:08:12,wifine,,
B4:C7:99:8D:08:93,wifine,,
B4:C7:99:8D:08:E2,wifine,,
B4:C7:99:8D:21:61,wifine,,
B4:C7:99:8D:27:92,wifine,,
B4:C7:99:8D:53:93,wifine,,
B4:C7:99:8F:8E:C2,wifine,,
B4:C7:99:8F:92:63,wifine,,
B4:C7:99:8F:95:53,wifine,,
B4:C7:99:8F:95:63,wifine,,
B4:C7:99:8F:97:72,wifine,,
B4:C7:99:8F:97:E3,wifine,,
B4:C7:99:8F:98:72,wifine,,
B4:C7:99:91:19:21,wifine,,
B4:C7:99:91:19:22,wifine,,
B4:C7:99:91:29:D3,wifine,,
B4:C7:99:91:44:62,wifine,,
B4:C7:99:91:50:E3,wifine,,
B4:C7:99:91:50:F3,wifine,,
B4:C7:99:91:5B:52,wifine,,
B4:C7:99:91:6C:A1,wifine,,
B4:C7:99:91:6D:D1,wifine,,
B4:C7:99:91:E2:71,wifine,,
B4:C7:99:91:E3:62,wifine,,
B4:C7:99:91:E5:C1,wifine,,
B4:C7:99:92:83:63,wifine,,
B4:C7:99:92:A2:03,wifine,,
B4:C7:99:92:A2:32,wifine,,
B4:C7:99:92:AD:11,wifine,,
B4:C7:99:92:AE:23,wifine,,
B4:C7:99:92:B0:63,wifine,,
B4:C7:99:92:F1:13,wifine,,
B4:C7:99:92:F4:83,wifine,,
B4:C7:99:92:FB:63,wifine,,
B4:C7:99:92:FE:21,wifine,,
B4:C7:99:93:1B:A3,wifine,,
B4:C7:99:93:1C:33,wifine,,
B4:C7:99:93:47:52,wifine,,
B4:C7:99:94:31:A3,wifine,,
B4:C7:99:94:7F:D1,wifine,,
B4:C7:99:94:84:12,wifine,,
B4:C7:99:94:BD:D2,wifine,,
B4:C7:99:94:BF:22,wifine,,
B4:C7:99:94:C6:82,wifine,,
B4:C7:99:94:D2:61,wifine,,
B4:C7:99:95:F8:F1,wifine,,
B4:C7:99:95:F9:23,wifine,,
B4:C7:99:96:01:51,wifine,,
B4:C7:99:96:59:81,wifine,,
B4:C7:99:96:7D:82,wifine,,
B4:C7:99:9A:7A:B2,wifine,,
B4:C7:99:9A:B6:02,wifine,,
B4:C7:99:9A:EE:93,wifine,,
B4:C7:99:9B:21:C1,wifine,,
B4:C7:99:9B:3B:C3,wifine,,
B4:C7:99:9B:3B:E2,wifine,,
B4:C7:99:9B:44:33,wifine,,
B4:C7:99:9B:45:23,wifine,,
B4:C7:99:9B:45:F3,wifine,,
B4:C7:99:9B:47:A3,wifine,,
B4:C7:99:9B:53:E3,wifine,,
B4:C7:99:9B:54:93,wifine,,
B4:C7:99:9B:5C:03,wifine,,
B4:C7:99:9B:62:E2,wifine,,
B4:C7:99:9B:63:E2,wifine,,
B4:C7:99:9B:AF:82,wifine,,
B4:C7:99:9B:AF:B2,wifine,,
B4:C7:99:9B:B9:42,wifine,,
B4:C7:99:9B:B9:A2,wifine,,
B4:C7:99:A4:40:E3,wifine,,
B4:C7:99:A4:45:65,wifine,,
B4:C7:99:A4:65:43,wifine,,
B4:C7:99:A4:68:A3,wifine,,
B4:C7:99:A4:78:55,wifine,,
B4:C7:99:A4:8E:32,wifine,,
B4:C7:99:A4:8F:35,wifine,,
B4:C7:99:A4:91:32,wifine,,
B4:C7:99:A4:AF:61,wifine,,
B4:C7:99:A4:C3:65,wifine,,
B4:C7:99:A4:CD:95,wifine,,
B4:C7:99:A4:D8:73,wifine,,
B4:C7:99:A4:DB:43,wifine,,
B4:C7:99:A5:3A:D2,wifine,,
B4:C7:99:A5:42:E4,wifine,,
B4:C7:99:A5:6E:81,wifine,,
B4:C7:99:A5:A7:21,wifine,,
B4:C7:99:A6:2C:B1,wifine,,
B4:C7:99:A6:86:A3,wifine,,
B4:C7:99:A7:A1:D1,wifine,,
B4:C7:99:A7:F8:53,wifine,,
B4:C7:99:A8:59:51,wifine,,
B4:C7:99:A8:61:92,wifine,,
B4:C7:99:A8:6C:12,wifine,,
B4:C7:99:A8:6C:22,wifine,,
B4:C7:99:A8:8E:51,wifine,,
B4:C7:99:A8:99:C1,wifine,,
B4:C7:99:A9:05:C2,wifine,,
B4:C7:99:A9:0C:A1,wifine,,
B4:C7:99:A9:2F:11,wifine,,
B4:C7:99:A9:36:F3,wifine,,
B4:C7:99:A9:40:11,wifine,,
B4:C7:99:A9:5D:E3,wifine,,
B4:C7:99:A9:9D:21,wifine,,
B4:C7:99:A9:9D:A1,wifine,,
B4:C7:99:A9:C3:51,wifine,,
B4:C7:99:A9:E7:32,wifine,,
B4:C7:99:A9:F3:85,wifine,,
B4:C7:99:A9:F4:73,wifine,,
B4:C7:99:A9:F7:75,wifine,,
B4:C7:99:AA:02:22,wifine,,
B4:C7:99:AA:04:15,wifine,,
B4:C7:99:AA:06:D5,wifine,,
B4:C7:99:AA:19:95,wifine,,
B4:C7:99:AA:54:64,wifine,,
B4:C7:99:AA:5D:E3,wifine,,
B4:C7:99:AA:66:71,wifine,,
B4:C7:99:AA:67:74,wifine,,
B4:C7:99:AA:D4:61,wifine,,
B4:C7:99:AA:FE:31,wifine,,
B4:C7:99:AB:05:D1,wifine,,
B4:C7:99:AD:34:E2,wifine,,
B4:C7:99:AE:27:C4,wifine,,
B4:C7:99:AE:28:14,wifine,,
B4:C7:99:AE:28:E4,wifine,,
B4:C7:99:AE:2A:A1,wifine,,
B4:C7:99:AE:2C:14,wifine,,
B4:C7:99:AF:2A:C1,wifine,,
B4:C7:99:AF:4B:53,wifine,,
B4:C7:99:AF:A8:03,wifine,,
B4:C7:99:AF:E7:61,wifine,,
B4:C7:99:AF:F6:11,wifine,,
B4:C7:99:AF:FD:11,wifine,,
B4:C7:99:B0:0A:51,wifine,,
B4:C7:99:B0:13:61,wifine,,
B4:C7:99:B0:25:F1,wifine,,
B4:C7:99:B0:63:41,wifine,,
B4:C7:99:B0:63:A1,wifine,,
B4:C7:99:B0:63:C1,wifine,,
B4:C7:99:B0:67:03,wifine,,
B4:C7:99:B0:72:01,wifine,,
B4:C7:99:B0:8B:61,wifine,,
B4:C7:99:B0:C5:D4,attwifi,30.82825008,-83.32222808
B4:C7:99:B1:7E:E1,wifine,,
B4:C7:99:B1:7F:11,wifine,,
B4:C7:99:B6:29:24,attwifi,33.94890484,-84.136428
B4:C7:99:BB:7E:E1,wifine,,
B4:C7:99:BB:8F:01,wifine,,
B4:C7:99:BB:94:D1,wifine,,
B4:C7:99:BB:95:81,wifine,,
B4:C7:99:BB:95:D1,wifine,,
B4:C7:99:BB:9D:22,wifine,,
B4:C7:99:BB:9D:B2,wifine,,
B4:C7:99:BB:A9:13,wifine,,
B4:C7:99:BB:AC:21,wifine,,
B4:C7:99:BB:B1:04,wifine,,
B4:C7:99:BB:B1:44,wifine,,
B4:C7:99:BB:CD:51,wifine,,
B4:C7:99:BB:E2:A1,wifine,,
B4:C7:99:BB:E2:B1,wifine,,
B4:C7:99:BB:E3:33,wifine,,
B4:C7:99:BB:E3:D1,wifine,,
B4:C7:99:BB:E6:21,wifine,,
B4:C7:99:BB:ED:91,wifine,,
B4:C7:99:BB:F0:91,wifine,,
B4:C7:99:BB:F2:61,wifine,,
B4:C7:99:BB:F6:22,wifine,,
B4:C7:99:BB:F7:61,wifine,,
B4:C7:99:BC:00:B2,wifine,,
B4:C7:99:BC:01:C2,wifine,,
B4:C7:99:BC:02:11,wifine,,
B4:C7:99:BC:04:72,wifine,,
B4:C7:99:BC:05:42,wifine,,
B4:C7:99:BC:0C:12,wifine,,
B4:C7:99:BC:0D:01,wifine,,
B4:C7:99:BC:1A:E1,wifine,,
B4:C7:99:BC:1E:21,wifine,,
B4:C7:99:BC:21:D2,wifine,,
B4:C7:99:BC:23:41,wifine,,
B4:C7:99:BC:27:61,wifine,,
B4:C7:99:BD:AA:51,wifine,,
B4:C7:99:BD:AB:F1,wifine,,
B4:C7:99:BD:AD:01,wifine,,
B4:C7:99:BD:B2:61,wifine,,
B4:C7:99:BD:B2:71,wifine,,
B4:C7:99:BD:B3:A1,wifine,,
B4:C7:99:BD:B4:A1,wifine,,
B4:C7:99:BD:B7:E1,wifine,,
B4:C7:99:BD:B8:82,wifine,,
B4:C7:99:BD:B8:93,wifine,,
B4:C7:99:BD:B9:81,wifine,,
B4:C7:99:BD:BA:73,wifine,,
B4:C7:99:BD:BA:D1,wifine,,
B4:C7:99:BD:BB:01,wifine,,
B4:C7:99:BD:C6:21,wifine,,
B4:C7:99:BD:C6:F1,wifine,,
B4:C7:99:BD:CB:F1,wifine,,
B4:C7:99:BD:CE:B2,wifine,,
B4:C7:99:BD:CE:D1,wifine,,
B4:C7:99:BD:D4:51,wifine,,
B4:C7:99:BE:3D:63,wifine,,
B4:C7:99:BE:40:11,wifine,,
B4:C7:99:BE:49:41,wifine,,
B4:C7:99:BE:50:E1,wifine,,
B4:C7:99:BE:56:63,wifine,,
B4:C7:99:BE:BF:B3,wifine,,
B4:C7:99:BE:C6:A3,wifine,,
B4:C7:99:BF:D7:13,wifine,,
B4:C7:99:BF:DA:43,wifine,,
B4:C7:99:BF:E3:33,wifine,,
B4:C7:99:C0:0B:31,wifine,,
B4:C7:99:C0:1D:51,wifine,,
B4:C7:99:C0:2E:83,wifine,,
B4:C7:99:C0:3B:93,wifine,,
B4:C7:99:C0:43:E1,wifine,,
B4:C7:99:C0:43:F1,wifine,,
B4:C7:99:C0:44:01,wifine,,
B4:C7:99:C0:44:91,wifine,,
B4:C7:99:C0:46:B1,wifine,,
B4:C7:99:C0:49:81,wifine,,
B4:C7:99:C0:4B:41,wifine,,
B4:C7:99:C0:90:11,wifine,,
B4:C7:99:C0:97:A1,wifine,,
B4:C7:99:C0:98:A1,wifine,,
B4:C7:99:C0:9C:91,wifine,,
B4:C7:99:C0:9C:F1,wifine,,
B4:C7:99:C0:9E:C1,wifine,,
B4:C7:99:C0:A0:C4,wifine,,
B4:C7:99:C0:A3:61,wifine,,
B4:C7:99:C0:A4:61,wifine,,
B4:C7:99:C0:AA:A1,wifine,,
B4:C7:99:C0:AC:64,wifine,,
B4:C7:99:C0:AC:A1,wifine,,
B4:C7:99:C0:AD:41,wifine,,
B4:C7:99:C0:AD:B3,wifine,,
B4:C7:99:C0:AE:51,wifine,,
B4:C7:99:C0:AE:73,wifine,,
B4:C7:99:C0:AE:83,wifine,,
B4:C7:99:C0:AF:63,wifine,,
B4:C7:99:C0:B1:C1,wifine,,
B4:C7:99:C0:B3:11,wifine,,
B4:C7:99:C1:81:11,wifine,,
B4:C7:99:C1:A1:41,wifine,,
B4:C7:99:C1:AB:81,wifine,,
B4:C7:99:C1:AB:E1,wifine,,
B4:C7:99:C1:B1:B1,wifine,,
B4:C7:99:C1:C5:B1,wifine,,
B4:C7:99:C9:2B:73,wifine,,
B4:C7:99:C9:43:B3,wifine,,
B4:C7:99:C9:4A:43,wifine,,
B4:C7:99:C9:5B:D3,wifine,,
B4:C7:99:CA:81:73,wifine,,
B4:C7:99:CB:8C:D2,wifine,,
B4:C7:99:D6:8D:33,wifine,,
B4:C7:99:D6:9A:A1,wifine,,
B4:C7:99:D6:AD:F3,wifine,,
B4:C7:99:D8:55:03,wifine,,
B4:C7:99:D8:57:93,wifine,,
B4:C7:99:D8:5E:D3,wifine,,
B4:C7:99:D8:6F:E3,wifine,,
B4:C7:99:D8:71:03,wifine,,
B4:C7:99:F4:13:E3,wifine,,
B4:C7:99:F4:16:23,wifine,,
B8:8D:12:60:B3:AF,NZ@McD1,,
B8:8D:12:60:B3:AF,attwifi,,
B8:A3:86:20:5C:EC,NZ@McD1,,
B8:A3:86:20:5C:EC,attwifi,,
B8:AE:6E:3C:B2:41,NZ@McD1,,
B8:AE:6E:3C:B2:41,attwifi,,
B8:BE:BF:15:4D:56,attwifi,33.46613231,-84.21178548
B8:C6:8E:31:BB:CF,NZ@McD1,,
B8:C6:8E:31:BB:CF,attwifi,,
BC:14:01:C3:53:80,NZ@McD1,,
BC:14:01:C3:53:80,attwifi,,
BC:5F:F4:73:6D:88,NZ@McD1,,
BC:5F:F4:73:6D:88,attwifi,,
BC:5F:F4:C9:0E:F5,NZ@McD1,,
BC:5F:F4:C9:0E:F5,attwifi,,
C0:3F:0E:1D:DB:45,NZ@McD1,,
C0:3F:0E:1D:DB:45,attwifi,,
C0:3F:0E:8F:2B:1A,NZ@McD1,,
C0:3F:0E:8F:2B:1A,attwifi,,
C0:3F:0E:C4:74:78,NZ@McD1,,
C0:3F:0E:C4:74:78,attwifi,,
C0:C1:C0:23:6B:7A,NZ@McD1,,
C0:C1:C0:23:6B:7A,attwifi,,
C0:D9:62:7E:2D:71,NZ@McD1,,
C0:D9:62:7E:2D:71,attwifi,,
C4:04:15:A9:E2:06,NZ@McD1,,
C4:04:15:A9:E2:06,attwifi,,
C4:3D:C7:A0:18:1B,NZ@McD1,,
C4:3D:C7:A0:18:1B,attwifi,,
C4:46:19:A2:9C:C0,NZ@McD1,,
C4:46:19:A2:9C:C0,attwifi,,
C4:85:08:8F:E8:CD,NZ@McD1,,
C4:85:08:8F:E8:CD,attwifi,,
C4:A8:1D:24:1A:D0,NZ@McD1,,
C4:A8:1D:24:1A:D0,attwifi,,
C4:A8:1D:7C:E3:64,NZ@McD1,,
C4:A8:1D:7C:E3:64,attwifi,,
C8:0A:A9:F8:7D:B9,NZ@McD1,,
C8:0A:A9:F8:7D:B9,attwifi,,
C8:3A:35:93:27:02,NZ@McD1,,
C8:3A:35:93:27:02,attwifi,,
C8:BC:C8:E9:0A:9D,NZ@McD1,,
C8:BC:C8:E9:0A:9D,attwifi,,
C8:D7:19:80:D7:C4,NZ@McD1,,
C8:D7:19:80:D7:C4,attwifi,,
C8:D7:19:B7:CF:DB,NZ@McD1,,
C8:D7:19:B7:CF:DB,attwifi,,
CB:8E:19:6B:D1:F2,NZ@McD1,,
CB:8E:19:6B:D1:F2,attwifi,,
CC:3A:61:08:16:DF,NZ@McD1,,
CC:3A:61:08:16:DF,attwifi,,
CC:3A:61:B6:D0:54,NZ@McD1,,
CC:3A:61:B6:D0:54,attwifi,,
CC:5D:4E:DA:9B:EA,NZ@McD1,,
CC:5D:4E:DA:9B:EA,attwifi,,
CC:5D:4E:FB:3E:4D,NZ@McD1,,
CC:5D:4E:FB:3E:4D,attwifi,,
CC:C3:EA:AA:B7:61,NZ@McD1,,
CC:C3:EA:AA:B7:61,attwifi,,
CC:C3:EA:B3:B4:55,NZ@McD1,,
CC:C3:EA:B3:B4:55,attwifi,,
CC:D5:39:E3:7F:F6,attwifi,31.95883602,-83.75144015
CC:FA:00:E8:9A:D2,NZ@McD1,,
CC:FA:00:E8:9A:D2,attwifi,,
CC:FB:65:33:33:D7,NZ@McD1,,
CC:FB:65:33:33:D7,attwifi,,
CC:FB:65:E9:0E:05,NZ@McD1,,
CC:FB:65:E9:0E:05,attwifi,,
CC:FB:65:F2:56:64,NZ@McD1,,
CC:FB:65:F2:56:64,attwifi,,
CC:FE:3C:92:DF:43,NZ@McD1,,
CC:FE:3C:92:DF:43,attwifi,,
D0:23:DB:A7:07:11,wifine,,
D0:C2:82:84:BC:D7,attwifi,35.44974061,-86.04771242
D8:C7:C8:24:2A:50,wifine,,
D8:C7:C8:24:2F:81,wifine,,
D8:C7:C8:24:34:01,wifine,,
D8:C7:C8:24:35:A1,wifine,,
D8:C7:C8:24:36:20,wifine,,
D8:C7:C8:24:36:E0,wifine,,
D8:C7:C8:24:3D:50,wifine,,
D8:C7:C8:24:3D:60,wifine,,
D8:C7:C8:24:3D:C0,wifine,,
D8:C7:C8:24:3E:50,wifine,,
D8:C7:C8:24:3F:30,wifine,,
D8:C7:C8:24:3F:B0,wifine,,
D8:C7:C8:24:3F:C0,wifine,,
D8:C7:C8:24:3F:E0,wifine,,
D8:C7:C8:24:40:C0,wifine,,
D8:C7:C8:24:40:F0,wifine,,
D8:C7:C8:24:41:22,wifine,,
D8:C7:C8:24:41:50,wifine,,
D8:C7:C8:24:42:52,wifine,,
D8:C7:C8:24:42:60,wifine,,
D8:C7:C8:24:42:E0,wifine,,
D8:C7:C8:24:43:30,wifine,,
D8:C7:C8:24:43:A0,wifine,,
D8:C7:C8:24:45:E2,wifine,,
D8:C7:C8:24:46:C3,wifine,,
D8:C7:C8:24:48:60,wifine,,
D8:C7:C8:24:48:68,wifine,,
D8:C7:C8:24:48:F2,wifine,,
D8:C7:C8:24:49:A0,wifine,,
D8:C7:C8:24:49:A8,wifine,,
D8:C7:C8:24:4B:B0,wifine,,
D8:C7:C8:24:4B:B8,wifine,,
D8:C7:C8:24:4D:40,wifine,,
D8:C7:C8:24:4D:F0,wifine,,
D8:C7:C8:24:4D:F8,wifine,,
D8:C7:C8:24:4F:52,wifine,,
D8:C7:C8:24:4F:80,wifine,,
D8:C7:C8:24:50:00,wifine,,
D8:C7:C8:24:50:82,wifine,,
D8:C7:C8:24:52:F2,wifine,,
D8:C7:C8:24:53:02,wifine,,
D8:C7:C8:24:53:12,wifine,,
D8:C7:C8:24:53:82,wifine,,
D8:C7:C8:24:53:C2,wifine,,
D8:C7:C8:24:54:62,wifine,,
D8:C7:C8:24:54:C2,wifine,,
D8:C7:C8:24:54:E2,wifine,,
D8:C7:C8:24:6E:60,wifine,,
D8:C7:C8:24:6E:80,wifine,,
D8:C7:C8:24:6F:50,wifine,,
D8:C7:C8:24:77:60,wifine,,
D8:C7:C8:24:77:C0,wifine,,
D8:C7:C8:24:78:80,wifine,,
D8:C7:C8:24:79:40,wifine,,
D8:C7:C8:24:7A:50,wifine,,
D8:C7:C8:24:7A:70,wifine,,
D8:C7:C8:24:7A:C0,wifine,,
D8:C7:C8:24:7B:B0,wifine,,
D8:C7:C8:24:7C:F0,wifine,,
D8:C7:C8:24:7D:90,wifine,,
D8:C7:C8:24:7D:B0,wifine,,
D8:C7:C8:24:7D:E0,wifine,,
D8:C7:C8:24:7D:E8,wifine,,
D8:C7:C8:24:7E:70,wifine,,
D8:C7:C8:24:7E:78,wifine,,
D8:C7:C8:24:7E:B0,wifine,,
D8:C7:C8:24:7F:10,wifine,,
D8:C7:C8:24:7F:82,wifine,,
D8:C7:C8:59:00:64,wifine,,
D8:C7:C8:59:01:42,wifine,,
D8:C7:C8:59:01:E1,wifine,,
D8:C7:C8:59:02:44,wifine,,
D8:C7:C8:59:03:C4,wifine,,
D8:C7:C8:59:04:62,wifine,,
D8:C7:C8:59:04:A4,wifine,,
D8:C7:C8:59:05:24,wifine,,
D8:C7:C8:59:05:64,wifine,,
D8:C7:C8:59:05:C4,wifine,,
D8:C7:C8:59:05:E4,wifine,,
D8:C7:C8:59:06:22,wifine,,
D8:C7:C8:59:06:24,wifine,,
D8:C7:C8:59:06:42,wifine,,
D8:C7:C8:59:06:51,wifine,,
D8:C7:C8:59:06:64,wifine,,
D8:C7:C8:59:06:A3,wifine,,
D8:C7:C8:59:06:C4,wifine,,
D8:C7:C8:59:07:04,wifine,,
D8:C7:C8:59:07:82,wifine,,
D8:C7:C8:59:07:91,wifine,,
D8:C7:C8:59:07:A2,wifine,,
D8:C7:C8:59:07:B1,wifine,,
D8:C7:C8:59:08:24,wifine,,
D8:C7:C8:59:08:64,wifine,,
D8:C7:C8:59:08:A1,wifine,,
D8:C7:C8:59:08:C3,wifine,,
D8:C7:C8:59:09:04,wifine,,
D8:C7:C8:59:09:22,wifine,,
D8:C7:C8:59:09:61,wifine,,
D8:C7:C8:59:09:71,wifine,,
D8:C7:C8:59:09:C4,wifine,,
D8:C7:C8:59:0A:04,wifine,,
D8:C7:C8:59:0A:84,wifine,,
D8:C7:C8:59:0A:A2,wifine,,
D8:C7:C8:59:0B:82,wifine,,
D8:C7:C8:59:0C:C1,wifine,,
D8:C7:C8:59:0C:C3,wifine,,
D8:C7:C8:59:0E:62,wifine,,
D8:C7:C8:59:0E:71,wifine,,
D8:C7:C8:59:0E:A2,wifine,,
D8:C7:C8:59:0E:B1,wifine,,
D8:C7:C8:59:0E:C2,wifine,,
D8:C7:C8:59:0E:D1,wifine,,
D8:C7:C8:59:0F:03,wifine,,
D8:C7:C8:59:0F:62,wifine,,
D8:C7:C8:59:0F:71,wifine,,
D8:C7:C8:59:0F:A2,wifine,,
D8:C7:C8:59:10:A2,wifine,,
D8:C7:C8:59:10:A4,wifine,,
D8:C7:C8:59:10:B3,wifine,,
D8:C7:C8:59:10:C3,wifine,,
D8:C7:C8:59:10:C4,wifine,,
D8:C7:C8:59:10:D3,wifine,,
D8:C7:C8:59:11:62,wifine,,
D8:C7:C8:59:12:22,wifine,,
D8:C7:C8:59:12:C4,wifine,,
D8:C7:C8:59:12:E3,wifine,,
D8:C7:C8:59:12:E4,wifine,,
D8:C7:C8:59:12:F3,wifine,,
D8:C7:C8:59:14:63,wifine,,
D8:C7:C8:59:14:A1,wifine,,
D8:C7:C8:59:14:B1,wifine,,
D8:C7:C8:59:15:24,wifine,,
D8:C7:C8:59:15:33,wifine,,
D8:C7:C8:59:15:64,wifine,,
D8:C7:C8:59:15:73,wifine,,
D8:C7:C8:59:15:82,wifine,,
D8:C7:C8:59:15:E2,wifine,,
D8:C7:C8:59:16:44,wifine,,
D8:C7:C8:59:16:62,wifine,,
D8:C7:C8:59:17:61,wifine,,
D8:C7:C8:59:17:71,wifine,,
D8:C7:C8:59:17:82,wifine,,
D8:C7:C8:59:18:22,wifine,,
D8:C7:C8:59:18:31,wifine,,
D8:C7:C8:59:18:41,wifine,,
D8:C7:C8:59:18:43,wifine,,
D8:C7:C8:59:18:C4,wifine,,
D8:C7:C8:59:19:63,wifine,,
D8:C7:C8:59:19:64,wifine,,
D8:C7:C8:59:19:81,wifine,,
D8:C7:C8:59:1A:02,wifine,,
D8:C7:C8:59:1A:42,wifine,,
D8:C7:C8:59:1A:82,wifine,,
D8:C7:C8:59:1A:C2,wifine,,
D8:C7:C8:59:1B:41,wifine,,
D8:C7:C8:59:1B:51,wifine,,
D8:C7:C8:59:1C:22,wifine,,
D8:C7:C8:59:1C:62,wifine,,
D8:C7:C8:59:1D:61,wifine,,
D8:C7:C8:59:1D:71,wifine,,
D8:C7:C8:59:1D:C2,wifine,,
D8:C7:C8:59:1E:41,wifine,,
D8:C7:C8:59:1E:51,wifine,,
D8:C7:C8:59:1E:53,wifine,,
D8:C7:C8:59:1E:82,wifine,,
D8:C7:C8:59:1E:C2,wifine,,
D8:C7:C8:59:1F:61,wifine,,
D8:C7:C8:59:21:22,wifine,,
D8:C7:C8:59:21:44,wifine,,
D8:C7:C8:59:21:62,wifine,,
D8:C7:C8:59:21:82,wifine,,
D8:C7:C8:59:21:C2,wifine,,
D8:C7:C8:59:22:A4,wifine,,
D8:C7:C8:59:22:C2,wifine,,
D8:C7:C8:59:22:D1,wifine,,
D8:C7:C8:59:24:44,wifine,,
D8:C7:C8:59:24:54,wifine,,
D8:C7:C8:59:24:A2,wifine,,
D8:C7:C8:59:24:E4,wifine,,
D8:C7:C8:59:24:F4,wifine,,
D8:C7:C8:59:25:A2,wifine,,
D8:C7:C8:59:25:C3,wifine,,
D8:C7:C8:59:25:C4,wifine,,
D8:C7:C8:59:26:83,wifine,,
D8:C7:C8:59:26:84,wifine,,
D8:C7:C8:59:26:93,wifine,,
D8:C7:C8:59:26:C2,wifine,,
D8:C7:C8:59:28:E4,wifine,,
D8:C7:C8:59:29:02,wifine,,
D8:C7:C8:59:29:83,wifine,,
D8:C7:C8:59:29:A2,wifine,,
D8:C7:C8:59:2A:64,wifine,,
D8:C7:C8:59:2B:42,wifine,,
D8:C7:C8:59:2C:42,wifine,,
D8:C7:C8:59:2C:61,wifine,,
D8:C7:C8:59:2C:71,wifine,,
D8:C7:C8:59:2C:E4,wifine,,
D8:C7:C8:59:2D:02,wifine,,
D8:C7:C8:59:2D:11,wifine,,
D8:C7:C8:59:2D:41,wifine,,
D8:C7:C8:59:2D:A1,wifine,,
D8:C7:C8:59:2E:24,wifine,,
D8:C7:C8:59:2F:A4,wifine,,
D8:C7:C8:59:2F:B4,wifine,,
D8:C7:C8:59:2F:C4,wifine,,
D8:C7:C8:59:2F:D3,wifine,,
D8:C7:C8:59:31:44,wifine,,
D8:C7:C8:59:31:63,wifine,,
D8:C7:C8:59:31:64,wifine,,
D8:C7:C8:59:31:73,wifine,,
D8:C7:C8:59:31:D3,wifine,,
DC:0B:1A:17:87:17,NZ@McD1,,
DC:0B:1A:17:87:17,attwifi,,
DC:0E:A1:26:CE:BF,NZ@McD1,,
DC:0E:A1:26:CE:BF,attwifi,,
DC:71:44:AE:41:E8,NZ@McD1,,
DC:71:44:AE:41:E8,attwifi,,
E0:24:7F:31:1E:AD,NZ@McD1,,
E0:24:7F:31:1E:AD,attwifi,,
E0:46:9A:56:74:6D,NZ@McD1,,
E0:46:9A:56:74:6D,attwifi,,
E0:46:9A:8B:BA:59,NZ@McD1,,
E0:46:9A:8B:BA:59,attwifi,,
E0:75:7D:17:55:95,NZ@McD1,,
E0:75:7D:17:55:95,attwifi,,
E0:91:F5:6F:8B:B0,NZ@McD1,,
E0:91:F5:6F:8B:B0,attwifi,,
E0:91:F5:F0:95:35,NZ@McD1,,
E0:91:F5:F0:95:35,attwifi,,
E2:91:F5:FB:8E:09,NZ@McD1,,
E2:91:F5:FB:8E:09,attwifi,,
E4:48:C7:85:8D:20,NZ@McD1,,
E4:48:C7:85:8D:20,attwifi,,
E4:F4:C6:23:B7:00,NZ@McD1,,
E4:F4:C6:23:B7:00,attwifi,,
E4:F4:C6:23:B7:01,NZ@McD1,,
E4:F4:C6:23:B7:01,attwifi,,
E8:3E:FC:72:F2:B0,NZ@McD1,,
E8:3E:FC:72:F2:B0,attwifi,,
E8:6D:52:01:23:29,NZ@McD1,,
E8:6D:52:01:23:29,attwifi,,
E8:99:C4:67:90:A8,NZ@McD1,,
E8:99:C4:67:90:A8,attwifi,,
E8:99:C4:84:FC:95,NZ@McD1,,
E8:99:C4:84:FC:95,attwifi,,
E8:D4:E0:49:7B:AA,NZ@McD1,,
E8:D4:E0:49:7B:AA,attwifi,,
E8:DE:27:55:FD:87,NZ@McD1,,
E8:DE:27:55:FD:87,attwifi,,
E8:FC:AF:0A:2C:48,NZ@McD1,,
E8:FC:AF:0A:2C:48,attwifi,,
EC:1A:59:09:86:85,NZ@McD1,,
EC:1A:59:09:86:85,attwifi,,
EC:E1:A9:B0:24:C1,attwifi,36.20580904,-86.69307405
F0:7D:68:E1:2B:88,NZ@McD1,,
F0:7D:68:E1:2B:88,attwifi,,
F0:9E:63:AC:36:50,attwifi,34.07402678,-83.98288968
F0:9E:63:AD:A9:B0,attwifi,33.84130392,-84.30977759
F4:09:D8:6C:AE:13,NZ@McD1,,
F4:09:D8:6C:AE:13,attwifi,,
F4:55:9C:F2:BA:58,NZ@McD1,,
F4:55:9C:F2:BA:58,attwifi,,
F4:6D:04:A1:6B:86,NZ@McD1,,
F4:6D:04:A1:6B:86,attwifi,,
F4:EA:67:0A:9B:90,attwifi,28.47868274,-81.45758524
F4:EC:38:E1:CC:97,NZ@McD1,,
F4:EC:38:E1:CC:97,attwifi,,
F4:EC:38:FF:96:D8,NZ@McD1,,
F4:EC:38:FF:96:D8,attwifi,,
F4:F5:A5:F8:34:DA,NZ@McD1,,
F4:F5:A5:F8:34:DA,attwifi,,
F8:01:13:79:05:59,NZ@McD1,,
F8:01:13:79:05:59,attwifi,,
F8:1A:67:20:F0:FD,NZ@McD1,,
F8:1A:67:20:F0:FD,attwifi,,
F8:1A:67:21:C9:7F,NZ@McD1,,
F8:1A:67:21:C9:7F,attwifi,,
F8:1A:67:42:E8:0A,NZ@McD1,,
F8:1A:67:42:E8:0A,attwifi,,
F8:1A:67:45:52:9E,NZ@McD1,,
F8:1A:67:45:52:9E,attwifi,,
F8:8F:CA:06:AD:A8,NZ@McD1,,
F8:8F:CA:06:AD:A8,attwifi,,
F8:D1:11:4B:1A:07,NZ@McD1,,
F8:D1:11:4B:1A:07,attwifi,,
FA:D1:11:61:B4:46,NZ@McD1,,
FA:D1:11:61:B4:46,attwifi,,
FC:0A:81:17:E5:E4,attwifi,30.82825008,-83.32222808
FC:0A:81:17:E8:44,attwifi,30.82603742,-83.32096993
FC:19:10:50:03:C9,NZ@McD1,,
FC:19:10:50:03:C9,attwifi,,
FE:1A:67:65:67:72,NZ@McD1,,
FE:1A:67:65:67:72,attwifi,,

